Merchant Id,Transaction Type,Merchant Order Id,Merchant Reference Id,PhonePe Reference Id,PhonePe Transaction Reference Id,PhonePe Attempt Reference Id,Transaction UTR,Total Transaction Amount,Transaction Date,Transaction Status,UPI Amount,Wallet Amount,Credit card Amount,Debit card Amount,External Wallet Amount,EGV Amount,Store Id,Terminal Id,Store Name,Terminal Name,Error Code,Detailed Error Code,Error Description,Error Source,Error Stage
M23TCNCX7K1K7,FORWARD_TRANSACTION,ORDER_1769748235994,ORDER_1769748235994,OMO2601301013562279469532W,OMO2601301013562279469532W,ORDER_1769748235994,502353483325,300.0,2026-01-30 10:14:05,COMPLETED,300.0,,,,,,,,,,,,,,
M23TCNCX7K1K7,FORWARD_TRANSACTION,ORDER_1769747932607,ORDER_1769747932607,OMO2601301008528216685692W,OMO2601301008528216685692W,ORDER_1769747932607,097667304749,300.0,2026-01-30 10:12:31,COMPLETED,300.0,,,,,,,,,,,,,,
M23TCNCX7K1K7,FORWARD_TRANSACTION,ORDER_1769748061777,ORDER_1769748061777,OMO2601301011019699693815W,OMO2601301011019699693815W,ORDER_1769748061777,464592142710,300.0,2026-01-30 10:11:18,COMPLETED,300.0,,,,,,,,,,,,,,
M23TCNCX7K1K7,FORWARD_TRANSACTION,ORDER_1769748050299,ORDER_1769748050299,OMO2601301010505139469405W,OMO2601301010505139469405W,ORDER_1769748050299,500958445953,300.0,2026-01-30 10:11:15,COMPLETED,300.0,,,,,,,,,,,,,,
M23TCNCX7K1K7,FORWARD_TRANSACTION,ORDER_1769748020626,ORDER_1769748020626,OMO2601301010208769693607W,OMO2601301010208769693607W,ORDER_1769748020626,748065932774,300.0,2026-01-30 10:10:31,COMPLETED,300.0,,,,,,,,,,,,,,
M23TCNCX7K1K7,FORWARD_TRANSACTION,ORDER_1769747619413,ORDER_1769747619413,OMO2601301003396488913589W,OMO2601301003396488913589W,ORDER_1769747619413,739295554868,300.0,2026-01-30 10:03:54,COMPLETED,300.0,,,,,,,,,,,,,,
M23TCNCX7K1K7,FORWARD_TRANSACTION,ORDER_1769747516173,ORDER_1769747516173,OMO2601301001564283005407W,OMO2601301001564283005407W,ORDER_1769747516173,396358447266,300.0,2026-01-30 10:02:21,COMPLETED,300.0,,,,,,,,,,,,,,
M23TCNCX7K1K7,FORWARD_TRANSACTION,ORDER_1769747462376,ORDER_1769747462376,OMO2601301001025920647937W,OMO2601301001025920647937W,ORDER_1769747462376,559333475802,300.0,2026-01-30 10:01:28,COMPLETED,300.0,,,,,,,,,,,,,,
M23TCNCX7K1K7,FORWARD_TRANSACTION,ORDER_1769747358471,ORDER_1769747358471,OMO2601300959187229469071W,OMO2601300959187229469071W,ORDER_1769747358471,480357875478,300.0,2026-01-30 09:59:34,COMPLETED,300.0,,,,,,,,,,,,,,
M23TCNCX7K1K7,FORWARD_TRANSACTION,ORDER_1769747318736,ORDER_1769747318736,OMO2601300958389402430243W,OMO2601300958389402430243W,ORDER_1769747318736,719718443199,300.0,2026-01-30 09:59:01,COMPLETED,300.0,,,,,,,,,,,,,,
M23TCNCX7K1K7,FORWARD_TRANSACTION,ORDER_1769747280283,ORDER_1769747280283,OMO2601300958004913891959W,OMO2601300958004913891959W,ORDER_1769747280283,639624914106,300.0,2026-01-30 09:58:23,COMPLETED,300.0,,,,,,,,,,,,,,
M23TCNCX7K1K7,FORWARD_TRANSACTION,ORDER_1769747168340,ORDER_1769747168340,OMO2601300956085767140264W,OMO2601300956085767140264W,ORDER_1769747168340,549870490759,300.0,2026-01-30 09:57:28,COMPLETED,300.0,,,,,,,,,,,,,,
M23TCNCX7K1K7,FORWARD_TRANSACTION,ORDER_1769747221469,ORDER_1769747221469,OMO2601300957018951219695W,OMO2601300957018951219695W,ORDER_1769747221469,508226532343,300.0,2026-01-30 09:57:28,COMPLETED,300.0,,,,,,,,,,,,,,
M23TCNCX7K1K7,FORWARD_TRANSACTION,ORDER_1769747156639,ORDER_1769747156639,OMO2601300955568525797706W,OMO2601300955568525797706W,ORDER_1769747156639,043350692430,300.0,2026-01-30 09:56:14,COMPLETED,300.0,,,,,,,,,,,,,,
M23TCNCX7K1K7,FORWARD_TRANSACTION,ORDER_1769747099611,ORDER_1769747099611,OMO2601300954598249469648W,OMO2601300954598249469648W,ORDER_1769747099611,404006034956,300.0,2026-01-30 09:55:36,COMPLETED,300.0,,,,,,,,,,,,,,
M23TCNCX7K1K7,FORWARD_TRANSACTION,ORDER_1769746586382,ORDER_1769746586382,OMO2601300946265755797790W,OMO2601300946265755797790W,ORDER_1769746586382,639667565630,300.0,2026-01-30 09:49:12,COMPLETED,300.0,,,,,,,,,,,,,,
M23TCNCX7K1K7,FORWARD_TRANSACTION,ORDER_1769746716382,ORDER_1769746716382,OMO2601300948365976685956W,OMO2601300948365976685956W,ORDER_1769746716382,117884671649,300.0,2026-01-30 09:48:58,COMPLETED,300.0,,,,,,,,,,,,,,
M23TCNCX7K1K7,FORWARD_TRANSACTION,ORDER_1769746617731,ORDER_1769746617731,OMO2601300946579493005731W,OMO2601300946579493005731W,ORDER_1769746617731,402513315864,300.0,2026-01-30 09:47:10,COMPLETED,300.0,,,,,,,,,,,,,,
M23TCNCX7K1K7,FORWARD_TRANSACTION,ORDER_1769746496385,ORDER_1769746496385,OMO2601300944569583388923W,OMO2601300944569583388923W,ORDER_1769746496385,157454089012,300.0,2026-01-30 09:45:17,COMPLETED,300.0,,,,,,,,,,,,,,
M23TCNCX7K1K7,FORWARD_TRANSACTION,ORDER_1769746283816,ORDER_1769746283816,OMO2601300941240275797107W,OMO2601300941240275797107W,ORDER_1769746283816,110611224019,300.0,2026-01-30 09:41:41,COMPLETED,300.0,,,,,,,,,,,,,,
M23TCNCX7K1K7,FORWARD_TRANSACTION,ORDER_1769746233514,ORDER_1769746233514,OMO2601300940337832337477W,OMO2601300940337832337477W,ORDER_1769746233514,948378933710,300.0,2026-01-30 09:40:43,COMPLETED,300.0,,,,,,,,,,,,,,
M23TCNCX7K1K7,FORWARD_TRANSACTION,ORDER_1769746125759,ORDER_1769746125759,OMO2601300938460837452367W,OMO2601300938460837452367W,ORDER_1769746125759,207783041206,300.0,2026-01-30 09:39:57,COMPLETED,300.0,,,,,,,,,,,,,,
M23TCNCX7K1K7,FORWARD_TRANSACTION,ORDER_1769745815654,ORDER_1769745815654,OMO2601300933359391219036W,OMO2601300933359391219036W,ORDER_1769745815654,093729653268,300.0,2026-01-30 09:33:49,COMPLETED,300.0,,,,,,,,,,,,,,
M23TCNCX7K1K7,FORWARD_TRANSACTION,ORDER_1769745715628,ORDER_1769745715628,OMO2601300931558702430567W,OMO2601300931558702430567W,ORDER_1769745715628,619766198625,300.0,2026-01-30 09:32:28,COMPLETED,300.0,,,,,,,,,,,,,,
M23TCNCX7K1K7,FORWARD_TRANSACTION,ORDER_1769745605790,ORDER_1769745605790,OMO2601300930060669469560W,OMO2601300930060669469560W,ORDER_1769745605790,762760230620,300.0,2026-01-30 09:30:20,COMPLETED,300.0,,,,,,,,,,,,,,
M23TCNCX7K1K7,FORWARD_TRANSACTION,ORDER_1769745583456,ORDER_1769745583456,OMO2601300929438070647441W,OMO2601300929438070647441W,ORDER_1769745583456,677280702795,300.0,2026-01-30 09:29:54,COMPLETED,300.0,,,,,,,,,,,,,,
M23TCNCX7K1K7,FORWARD_TRANSACTION,ORDER_1769745193932,ORDER_1769745193932,OMO2601300923141581219532W,OMO2601300923141581219532W,ORDER_1769745193932,780742523648,300.0,2026-01-30 09:23:38,COMPLETED,300.0,,,,,,,,,,,,,,
M23TCNCX7K1K7,FORWARD_TRANSACTION,ORDER_1769744334304,ORDER_1769744334304,OMO2601300908545460647036W,OMO2601300908545460647036W,ORDER_1769744334304,228050537497,300.0,2026-01-30 09:09:20,COMPLETED,300.0,,,,,,,,,,,,,,
M23TCNCX7K1K7,FORWARD_TRANSACTION,ORDER_1769744141845,ORDER_1769744141845,OMO2601300905421517452743W,OMO2601300905421517452743W,ORDER_1769744141845,770232141740,300.0,2026-01-30 09:06:30,COMPLETED,300.0,,,,,,,,,,,,,,
M23TCNCX7K1K7,FORWARD_TRANSACTION,ORDER_1769743988340,ORDER_1769743988340,OMO2601300903085559693879W,OMO2601300903085559693879W,ORDER_1769743988340,389262478061,300.0,2026-01-30 09:03:21,COMPLETED,300.0,,,,,,,,,,,,,,
M23TCNCX7K1K7,FORWARD_TRANSACTION,ORDER_1769743915286,ORDER_1769743915286,OMO2601300901555125797989W,OMO2601300901555125797989W,ORDER_1769743915286,922828917654,300.0,2026-01-30 09:02:06,COMPLETED,300.0,,,,,,,,,,,,,,
M23TCNCX7K1K7,FORWARD_TRANSACTION,ORDER_1769743808319,ORDER_1769743808319,OMO2601300900085293005818W,OMO2601300900085293005818W,ORDER_1769743808319,682930527141,300.0,2026-01-30 09:00:18,COMPLETED,300.0,,,,,,,,,,,,,,
M23TCNCX7K1K7,FORWARD_TRANSACTION,ORDER_1769743709133,ORDER_1769743709133,OMO2601300858293898913583W,OMO2601300858293898913583W,ORDER_1769743709133,660816159177,300.0,2026-01-30 08:58:41,COMPLETED,300.0,,,,,,,,,,,,,,
M23TCNCX7K1K7,FORWARD_TRANSACTION,ORDER_1769743557435,ORDER_1769743557435,OMO2601300855576699469596W,OMO2601300855576699469596W,ORDER_1769743557435,372227239712,300.0,2026-01-30 08:56:14,COMPLETED,300.0,,,,,,,,,,,,,,
M23TCNCX7K1K7,FORWARD_TRANSACTION,ORDER_1769743387675,ORDER_1769743387675,OMO2601300853079202082716W,OMO2601300853079202082716W,ORDER_1769743387675,075869294469,300.0,2026-01-30 08:53:28,COMPLETED,300.0,,,,,,,,,,,,,,
M23TCNCX7K1K7,FORWARD_TRANSACTION,ORDER_1769743283583,ORDER_1769743283583,OMO2601300851241843923151W,OMO2601300851241843923151W,ORDER_1769743283583,717123219465,300.0,2026-01-30 08:51:44,COMPLETED,300.0,,,,,,,,,,,,,,
M23TCNCX7K1K7,FORWARD_TRANSACTION,ORDER_1769742147887,ORDER_1769742147887,OMO2601300832281976814174W,OMO2601300832281976814174W,ORDER_1769742147887,847190939226,300.0,2026-01-30 08:33:40,COMPLETED,300.0,,,,,,,,,,,,,,
M23TCNCX7K1K7,FORWARD_TRANSACTION,ORDER_1769741484754,ORDER_1769741484754,OMO2601300821250448913511W,OMO2601300821250448913511W,ORDER_1769741484754,396354203930,300.0,2026-01-30 08:21:45,COMPLETED,300.0,,,,,,,,,,,,,,
M23TCNCX7K1K7,FORWARD_TRANSACTION,ORDER_1769741278669,ORDER_1769741278669,OMO2601300817588762430517W,OMO2601300817588762430517W,ORDER_1769741278669,995987207618,300.0,2026-01-30 08:19:00,ERRORED,300.0,,,,,,,,,,INSUFFICIENT_BALANCE,Z9,Payment failed due to insufficient balance in customer's account.,CUSTOMER,AUTHORIZATION
M23TCNCX7K1K7,FORWARD_TRANSACTION,ORDER_1769741226890,ORDER_1769741226890,OMO2601300817071123005039W,OMO2601300817071123005039W,ORDER_1769741226890,396354063963,300.0,2026-01-30 08:17:24,COMPLETED,300.0,,,,,,,,,,,,,,
M23TCNCX7K1K7,FORWARD_TRANSACTION,ORDER_1769741041591,ORDER_1769741041591,OMO2601300814018732430123W,OMO2601300814018732430123W,ORDER_1769741041591,467453217097,300.0,2026-01-30 08:14:10,COMPLETED,300.0,,,,,,,,,,,,,,
M23TCNCX7K1K7,FORWARD_TRANSACTION,ORDER_1769740898354,ORDER_1769740898354,OMO2601300811385885797884W,OMO2601300811385885797884W,ORDER_1769740898354,134303978572,300.0,2026-01-30 08:11:47,COMPLETED,300.0,,,,,,,,,,,,,,
M23TCNCX7K1K7,FORWARD_TRANSACTION,ORDER_1769740866375,ORDER_1769740866375,OMO2601300811066643005100W,OMO2601300811066643005100W,ORDER_1769740866375,013408286221,300.0,2026-01-30 08:11:34,COMPLETED,300.0,,,,,,,,,,,,,,
M23TCNCX7K1K7,FORWARD_TRANSACTION,ORDER_1769740708096,ORDER_1769740708096,OMO2601300808283859469921W,OMO2601300808283859469921W,ORDER_1769740708096,662255148382,300.0,2026-01-30 08:08:58,COMPLETED,300.0,,,,,,,,,,,,,,
M23TCNCX7K1K7,FORWARD_TRANSACTION,ORDER_1769740604298,ORDER_1769740604298,OMO2601300806448369469176W,OMO2601300806448369469176W,ORDER_1769740604298,172594513718,300.0,2026-01-30 08:08:14,COMPLETED,300.0,,,,,,,,,,,,,,
M23TCNCX7K1K7,FORWARD_TRANSACTION,ORDER_1769740360079,ORDER_1769740360079,OMO2601300802403208913050W,OMO2601300802403208913050W,ORDER_1769740360079,405014705748,300.0,2026-01-30 08:04:10,COMPLETED,300.0,,,,,,,,,,,,,,
M23TCNCX7K1K7,FORWARD_TRANSACTION,ORDER_1769740112399,ORDER_1769740112399,OMO2601300758326663891552W,OMO2601300758326663891552W,ORDER_1769740112399,249293567798,300.0,2026-01-30 07:58:45,COMPLETED,300.0,,,,,,,,,,,,,,
M23TCNCX7K1K7,FORWARD_TRANSACTION,ORDER_1769739848946,ORDER_1769739848946,OMO2601300754097577452883W,OMO2601300754097577452883W,ORDER_1769739848946,269851256424,300.0,2026-01-30 07:54:20,COMPLETED,300.0,,,,,,,,,,,,,,
M23TCNCX7K1K7,FORWARD_TRANSACTION,ORDER_1769739642028,ORDER_1769739642028,OMO2601300750422642430384W,OMO2601300750422642430384W,ORDER_1769739642028,528316246572,300.0,2026-01-30 07:51:22,COMPLETED,300.0,,,,,,,,,,,,,,
M23TCNCX7K1K7,FORWARD_TRANSACTION,ORDER_1769739165108,ORDER_1769739165108,OMO2601300742453627140614W,OMO2601300742453627140614W,ORDER_1769739165108,698327674633,300.0,2026-01-30 07:43:15,COMPLETED,300.0,,,,,,,,,,,,,,
M23TCNCX7K1K7,FORWARD_TRANSACTION,ORDER_1769738098661,ORDER_1769738098661,OMO2601300724590238913750W,OMO2601300724590238913750W,ORDER_1769738098661,163790599654,300.0,2026-01-30 07:25:28,COMPLETED,300.0,,,,,,,,,,,,,,
M23TCNCX7K1K7,FORWARD_TRANSACTION,ORDER_1769737294217,ORDER_1769737294217,OMO2601300711344502430157W,OMO2601300711344502430157W,ORDER_1769737294217,158749761279,300.0,2026-01-30 07:13:07,COMPLETED,300.0,,,,,,,,,,,,,,
M23TCNCX7K1K7,FORWARD_TRANSACTION,ORDER_1769737145624,ORDER_1769737145624,OMO2601300709067739828426W,OMO2601300709067739828426W,ORDER_1769737145624,836250784183,300.0,2026-01-30 07:10:05,COMPLETED,300.0,,,,,,,,,,,,,,
M23TCNCX7K1K7,FORWARD_TRANSACTION,ORDER_1769734609626,ORDER_1769734609626,OMO2601300626504036814850W,OMO2601300626504036814850W,ORDER_1769734609626,987666743982,300.0,2026-01-30 06:27:13,COMPLETED,300.0,,,,,,,,,,,,,,
M23TCNCX7K1K7,FORWARD_TRANSACTION,ORDER_1769733676616,ORDER_1769733676616,OMO2601300611168692430850W,OMO2601300611168692430850W,ORDER_1769733676616,919622122896,300.0,2026-01-30 06:11:28,COMPLETED,300.0,,,,,,,,,,,,,,
M23TCNCX7K1K7,FORWARD_TRANSACTION,ORDER_1769733456785,ORDER_1769733456785,OMO2601300607370837452914W,OMO2601300607370837452914W,ORDER_1769733456785,526833406403,300.0,2026-01-30 06:08:27,COMPLETED,300.0,,,,,,,,,,,,,,
M23TCNCX7K1K7,FORWARD_TRANSACTION,ORDER_1769733462144,ORDER_1769733462144,OMO2601300607423866814336W,OMO2601300607423866814336W,ORDER_1769733462144,104486407511,300.0,2026-01-30 06:07:54,COMPLETED,300.0,,,,,,,,,,,,,,
M23TCNCX7K1K7,FORWARD_TRANSACTION,ORDER_1769732212293,ORDER_1769732212293,OMO2601300546528943005427W,OMO2601300546528943005427W,ORDER_1769732212293,751181685141,300.0,2026-01-30 05:47:30,COMPLETED,300.0,,,,,,,,,,,,,,
M23TCNCX7K1K7,FORWARD_TRANSACTION,ORDER_1769712102137,ORDER_1769712102137,OMO2601300011427498264498W,OMO2601300011427498264498W,ORDER_1769712102137,640646939869,300.0,2026-01-30 00:12:02,COMPLETED,300.0,,,,,,,,,,,,,,
M23TCNCX7K1K7,FORWARD_TRANSACTION,ORDER_1769709564130,ORDER_1769709564130,OMO2601292329245263388720W,OMO2601292329245263388720W,ORDER_1769709564130,698325060967,300.0,2026-01-29 23:29:50,COMPLETED,300.0,,,,,,,,,,,,,,
M23TCNCX7K1K7,FORWARD_TRANSACTION,ORDER_1769708864448,ORDER_1769708864448,OMO2601292317446808913683W,OMO2601292317446808913683W,ORDER_1769708864448,556907946107,300.0,2026-01-29 23:19:19,COMPLETED,300.0,,,,,,,,,,,,,,
M23TCNCX7K1K7,FORWARD_TRANSACTION,ORDER_1769708721857,ORDER_1769708721857,OMO2601292315225909828486W,OMO2601292315225909828486W,ORDER_1769708721857,471129462167,300.0,2026-01-29 23:15:45,COMPLETED,300.0,,,,,,,,,,,,,,
M23TCNCX7K1K7,FORWARD_TRANSACTION,ORDER_1769708146281,ORDER_1769708146281,OMO2601292305466195797216W,OMO2601292305466195797216W,ORDER_1769708146281,657404903113,300.0,2026-01-29 23:06:02,COMPLETED,300.0,,,,,,,,,,,,,,
M23TCNCX7K1K7,FORWARD_TRANSACTION,ORDER_1769707964082,ORDER_1769707964082,OMO2601292302445930647468W,OMO2601292302445930647468W,ORDER_1769707964082,872879031045,300.0,2026-01-29 23:03:09,COMPLETED,300.0,,,,,,,,,,,,,,
M23TCNCX7K1K7,FORWARD_TRANSACTION,ORDER_1769707824340,ORDER_1769707824340,OMO2601292300261983923524W,OMO2601292300261983923524W,ORDER_1769707824340,639514495839,300.0,2026-01-29 23:00:40,COMPLETED,300.0,,,,,,,,,,,,,,
M23TCNCX7K1K7,FORWARD_TRANSACTION,ORDER_1769707029172,ORDER_1769707029172,OMO2601292247106262337318W,OMO2601292247106262337318W,ORDER_1769707029172,614636452552,300.0,2026-01-29 22:47:32,ERRORED,300.0,,,,,,,,,,INSUFFICIENT_BALANCE,Z9,Payment failed due to insufficient balance in customer's account.,CUSTOMER,AUTHORIZATION
M23TCNCX7K1K7,FORWARD_TRANSACTION,ORDER_1769706020424,ORDER_1769706020424,OMO2601292230214433005347W,OMO2601292230214433005347W,ORDER_1769706020424,414875038145,300.0,2026-01-29 22:30:50,COMPLETED,300.0,,,,,,,,,,,,,,
M23TCNCX7K1K7,FORWARD_TRANSACTION,ORDER_1769705751226,ORDER_1769705751226,OMO2601292225517471219149W,OMO2601292225517471219149W,ORDER_1769705751226,730998829921,300.0,2026-01-29 22:26:28,COMPLETED,300.0,,,,,,,,,,,,,,
M23TCNCX7K1K7,FORWARD_TRANSACTION,ORDER_1769705098305,ORDER_1769705098305,OMO2601292214587688264436W,OMO2601292214587688264436W,ORDER_1769705098305,116843212214,300.0,2026-01-29 22:15:10,COMPLETED,300.0,,,,,,,,,,,,,,
M23TCNCX7K1K7,FORWARD_TRANSACTION,ORDER_1769704320164,ORDER_1769704320164,OMO2601292202010116814935W,OMO2601292202010116814935W,ORDER_1769704320164,485088986443,300.0,2026-01-29 22:02:14,COMPLETED,300.0,,,,,,,,,,,,,,
M23TCNCX7K1K7,FORWARD_TRANSACTION,ORDER_1769704102567,ORDER_1769704102567,OMO2601292158237349828728W,OMO2601292158237349828728W,ORDER_1769704102567,749742618519,300.0,2026-01-29 21:58:43,COMPLETED,300.0,,,,,,,,,,,,,,
M23TCNCX7K1K7,FORWARD_TRANSACTION,ORDER_1769703924055,ORDER_1769703924055,OMO2601292155260937140177W,OMO2601292155260937140177W,ORDER_1769703924055,396347796133,300.0,2026-01-29 21:55:45,COMPLETED,300.0,,,,,,,,,,,,,,
M23TCNCX7K1K7,FORWARD_TRANSACTION,ORDER_1769703830374,ORDER_1769703830374,OMO2601292153509572337337W,OMO2601292153509572337337W,ORDER_1769703830374,667857079706,300.0,2026-01-29 21:54:13,COMPLETED,300.0,,,,,,,,,,,,,,
M23TCNCX7K1K7,FORWARD_TRANSACTION,ORDER_1769703686904,ORDER_1769703686904,OMO2601292151289823891767W,OMO2601292151289823891767W,ORDER_1769703686904,117875825622,300.0,2026-01-29 21:51:56,COMPLETED,300.0,,,,,,,,,,,,,,
M23TCNCX7K1K7,FORWARD_TRANSACTION,ORDER_1769703493615,ORDER_1769703493615,OMO2601292148143802082336W,OMO2601292148143802082336W,ORDER_1769703493615,613944557936,300.0,2026-01-29 21:48:25,COMPLETED,300.0,,,,,,,,,,,,,,
M23TCNCX7K1K7,FORWARD_TRANSACTION,ORDER_1769703102639,ORDER_1769703102639,OMO2601292141433581219757W,OMO2601292141433581219757W,ORDER_1769703102639,161189837209,300.0,2026-01-29 21:45:04,COMPLETED,300.0,,,,,,,,,,,,,,
M23TCNCX7K1K7,FORWARD_TRANSACTION,ORDER_1769703271328,ORDER_1769703271328,OMO2601292144320902082399W,OMO2601292144320902082399W,ORDER_1769703271328,602728613061,300.0,2026-01-29 21:44:42,COMPLETED,300.0,,,,,,,,,,,,,,
M23TCNCX7K1K7,FORWARD_TRANSACTION,ORDER_1769702985486,ORDER_1769702985486,OMO2601292139468666814217W,OMO2601292139468666814217W,ORDER_1769702985486,602971277971,300.0,2026-01-29 21:40:11,COMPLETED,300.0,,,,,,,,,,,,,,
M23TCNCX7K1K7,FORWARD_TRANSACTION,ORDER_1769702952772,ORDER_1769702952772,OMO2601292139135639469040W,OMO2601292139135639469040W,ORDER_1769702952772,023691570299,300.0,2026-01-29 21:39:24,COMPLETED,300.0,,,,,,,,,,,,,,
M23TCNCX7K1K7,FORWARD_TRANSACTION,ORDER_1769702813490,ORDER_1769702813490,OMO2601292136545713891373W,OMO2601292136545713891373W,ORDER_1769702813490,213267395003,300.0,2026-01-29 21:37:12,COMPLETED,300.0,,,,,,,,,,,,,,
M23TCNCX7K1K7,FORWARD_TRANSACTION,ORDER_1769702553086,ORDER_1769702553086,OMO2601292132349839693594W,OMO2601292132349839693594W,ORDER_1769702553086,,300.0,2026-01-29 21:32:55,ERRORED,,,,,,,,,,,TXN_NOT_COMPLETED,TXN_AUTO_FAILED,Payment couldn't be completed due to issues related to customer or their bank.,CUSTOMER,PRE_AUTHENTICATION
M23TCNCX7K1K7,FORWARD_TRANSACTION,ORDER_1769702340382,ORDER_1769702340382,OMO2601292129010543388471W,OMO2601292129010543388471W,ORDER_1769702340382,991094476429,300.0,2026-01-29 21:29:24,COMPLETED,300.0,,,,,,,,,,,,,,
M23TCNCX7K1K7,FORWARD_TRANSACTION,ORDER_1769702117729,ORDER_1769702117729,OMO2601292125180347140464W,OMO2601292125180347140464W,ORDER_1769702117729,766668282478,300.0,2026-01-29 21:25:49,COMPLETED,300.0,,,,,,,,,,,,,,
M23TCNCX7K1K7,FORWARD_TRANSACTION,ORDER_1769701991513,ORDER_1769701991513,OMO2601292123119572082643W,OMO2601292123119572082643W,ORDER_1769701991513,458313033643,300.0,2026-01-29 21:23:39,COMPLETED,300.0,,,,,,,,,,,,,,
M23TCNCX7K1K7,FORWARD_TRANSACTION,ORDER_1769701426761,ORDER_1769701426761,OMO2601292113471219828582W,OMO2601292113471219828582W,ORDER_1769701426761,,300.0,2026-01-29 21:14:14,ERRORED,,,,,,,,,,,TXN_NOT_COMPLETED,TXN_AUTO_FAILED,Payment couldn't be completed due to issues related to customer or their bank.,CUSTOMER,PRE_AUTHENTICATION
M23TCNCX7K1K7,FORWARD_TRANSACTION,ORDER_1769701287149,ORDER_1769701287149,OMO2601292111277843923234W,OMO2601292111277843923234W,ORDER_1769701287149,315189316532,300.0,2026-01-29 21:11:42,COMPLETED,300.0,,,,,,,,,,,,,,
M23TCNCX7K1K7,FORWARD_TRANSACTION,ORDER_1769701225816,ORDER_1769701225816,OMO2601292110263132430092W,OMO2601292110263132430092W,ORDER_1769701225816,313094563120,300.0,2026-01-29 21:10:38,COMPLETED,300.0,,,,,,,,,,,,,,
M23TCNCX7K1K7,FORWARD_TRANSACTION,ORDER_1769701076840,ORDER_1769701076840,OMO2601292107575699828574W,OMO2601292107575699828574W,ORDER_1769701076840,127100883609,300.0,2026-01-29 21:08:07,COMPLETED,300.0,,,,,,,,,,,,,,
M23TCNCX7K1K7,FORWARD_TRANSACTION,ORDER_1769700869938,ORDER_1769700869938,OMO2601292104302702082011W,OMO2601292104302702082011W,ORDER_1769700869938,663034644452,300.0,2026-01-29 21:04:45,COMPLETED,300.0,,,,,,,,,,,,,,
M23TCNCX7K1K7,FORWARD_TRANSACTION,ORDER_1769700270873,ORDER_1769700270873,OMO2601292054320207452282W,OMO2601292054320207452282W,ORDER_1769700270873,214002245745,300.0,2026-01-29 20:54:49,COMPLETED,300.0,,,,,,,,,,,,,,
M23TCNCX7K1K7,FORWARD_TRANSACTION,ORDER_1769700244775,ORDER_1769700244775,OMO2601292054053387452346W,OMO2601292054053387452346W,ORDER_1769700244775,490236083453,300.0,2026-01-29 20:54:18,COMPLETED,300.0,,,,,,,,,,,,,,
M23TCNCX7K1K7,FORWARD_TRANSACTION,ORDER_1769699991535,ORDER_1769699991535,OMO2601292049523108372557W,OMO2601292049523108372557W,ORDER_1769699991535,114216643885,300.0,2026-01-29 20:50:30,COMPLETED,300.0,,,,,,,,,,,,,,
M23TCNCX7K1K7,FORWARD_TRANSACTION,ORDER_1769699949680,ORDER_1769699949680,OMO2601292049101003388056W,OMO2601292049101003388056W,ORDER_1769699949680,702858019560,300.0,2026-01-29 20:49:21,COMPLETED,300.0,,,,,,,,,,,,,,
M23TCNCX7K1K7,FORWARD_TRANSACTION,ORDER_1769699899654,ORDER_1769699899654,OMO2601292048200900647872W,OMO2601292048200900647872W,ORDER_1769699899654,189671075594,300.0,2026-01-29 20:48:58,COMPLETED,300.0,,,,,,,,,,,,,,
M23TCNCX7K1K7,FORWARD_TRANSACTION,ORDER_1769699860999,ORDER_1769699860999,OMO2601292047422212430136W,OMO2601292047422212430136W,ORDER_1769699860999,672614863294,300.0,2026-01-29 20:48:54,COMPLETED,300.0,,,,,,,,,,,,,,
M23TCNCX7K1K7,FORWARD_TRANSACTION,ORDER_1769699621762,ORDER_1769699621762,OMO2601292043426066814092W,OMO2601292043426066814092W,ORDER_1769699621762,798816445195,300.0,2026-01-29 20:45:10,COMPLETED,300.0,,,,,,,,,,,,,,
M23TCNCX7K1K7,FORWARD_TRANSACTION,ORDER_1769699636681,ORDER_1769699636681,OMO2601292043569845797278W,OMO2601292043569845797278W,ORDER_1769699636681,230753550515,300.0,2026-01-29 20:44:42,COMPLETED,300.0,,,,,,,,,,,,,,
M23TCNCX7K1K7,FORWARD_TRANSACTION,ORDER_1769699429443,ORDER_1769699429443,OMO2601292040297546685129W,OMO2601292040297546685129W,ORDER_1769699429443,633469089516,300.0,2026-01-29 20:41:11,COMPLETED,300.0,,,,,,,,,,,,,,
M23TCNCX7K1K7,FORWARD_TRANSACTION,ORDER_1769699447573,ORDER_1769699447573,OMO2601292040482267452148W,OMO2601292040482267452148W,ORDER_1769699447573,126502886426,300.0,2026-01-29 20:40:59,COMPLETED,300.0,,,,,,,,,,,,,,
M23TCNCX7K1K7,FORWARD_TRANSACTION,ORDER_1769699347068,ORDER_1769699347068,OMO2601292039078763923524W,OMO2601292039078763923524W,ORDER_1769699347068,639557181756,300.0,2026-01-29 20:39:23,COMPLETED,300.0,,,,,,,,,,,,,,
M23TCNCX7K1K7,FORWARD_TRANSACTION,ORDER_1769699184966,ORDER_1769699184966,OMO2601292036256192082768W,OMO2601292036256192082768W,ORDER_1769699184966,628346721336,300.0,2026-01-29 20:37:10,COMPLETED,300.0,,,,,,,,,,,,,,
M23TCNCX7K1K7,FORWARD_TRANSACTION,ORDER_1769698896627,ORDER_1769698896627,OMO2601292031369522337928W,OMO2601292031369522337928W,ORDER_1769698896627,566884584412,300.0,2026-01-29 20:32:02,COMPLETED,300.0,,,,,,,,,,,,,,
M23TCNCX7K1K7,FORWARD_TRANSACTION,ORDER_1769698497333,ORDER_1769698497333,OMO2601292024577288372481W,OMO2601292024577288372481W,ORDER_1769698497333,602965614733,300.0,2026-01-29 20:26:20,COMPLETED,300.0,,,,,,,,,,,,,,
M23TCNCX7K1K7,FORWARD_TRANSACTION,ORDER_1769698561560,ORDER_1769698561560,OMO2601292026022759828309W,OMO2601292026022759828309W,ORDER_1769698561560,896558065953,300.0,2026-01-29 20:26:13,COMPLETED,300.0,,,,,,,,,,,,,,
M23TCNCX7K1K7,FORWARD_TRANSACTION,ORDER_1769698547107,ORDER_1769698547107,OMO2601292025478010647563W,OMO2601292025478010647563W,ORDER_1769698547107,993773826001,300.0,2026-01-29 20:26:10,COMPLETED,300.0,,,,,,,,,,,,,,
M23TCNCX7K1K7,FORWARD_TRANSACTION,ORDER_1769698121274,ORDER_1769698121274,OMO2601292018417947452665W,OMO2601292018417947452665W,ORDER_1769698121274,155867097716,300.0,2026-01-29 20:19:15,COMPLETED,300.0,,,,,,,,,,,,,,
M23TCNCX7K1K7,FORWARD_TRANSACTION,ORDER_1769697340100,ORDER_1769697340100,OMO2601292005409021219593W,OMO2601292005409021219593W,ORDER_1769697340100,943685764752,300.0,2026-01-29 20:05:55,COMPLETED,300.0,,,,,,,,,,,,,,
M23TCNCX7K1K7,FORWARD_TRANSACTION,ORDER_1769697134762,ORDER_1769697134762,OMO2601292002171517140372W,OMO2601292002171517140372W,ORDER_1769697134762,931367075995,300.0,2026-01-29 20:02:48,COMPLETED,300.0,,,,,,,,,,,,,,
M23TCNCX7K1K7,FORWARD_TRANSACTION,ORDER_1769697013800,ORDER_1769697013800,OMO2601292000140567452952W,OMO2601292000140567452952W,ORDER_1769697013800,748217167677,300.0,2026-01-29 20:00:31,COMPLETED,300.0,,,,,,,,,,,,,,
M23TCNCX7K1K7,FORWARD_TRANSACTION,ORDER_1769696646450,ORDER_1769696646450,OMO2601291954067287452726W,OMO2601291954067287452726W,ORDER_1769696646450,559585557047,300.0,2026-01-29 19:54:35,COMPLETED,300.0,,,,,,,,,,,,,,
M23TCNCX7K1K7,FORWARD_TRANSACTION,ORDER_1769696474341,ORDER_1769696474341,OMO2601291951150277452583W,OMO2601291951150277452583W,ORDER_1769696474341,565806225095,300.0,2026-01-29 19:51:36,COMPLETED,300.0,,,,,,,,,,,,,,
M23TCNCX7K1K7,FORWARD_TRANSACTION,ORDER_1769694857495,ORDER_1769694857495,OMO2601291924195567452184W,OMO2601291924195567452184W,ORDER_1769694857495,303038776861,300.0,2026-01-29 19:24:43,COMPLETED,300.0,,,,,,,,,,,,,,
M23TCNCX7K1K7,FORWARD_TRANSACTION,ORDER_1769694314163,ORDER_1769694314163,OMO2601291915147644563784W,OMO2601291915147644563784W,ORDER_1769694314163,815908913009,300.0,2026-01-29 19:15:32,COMPLETED,300.0,,,,,,,,,,,,,,
M23TCNCX7K1K7,FORWARD_TRANSACTION,ORDER_1769693743129,ORDER_1769693743129,OMO2601291905440402534768W,OMO2601291905440402534768W,ORDER_1769693743129,961155911435,300.0,2026-01-29 19:06:11,COMPLETED,300.0,,,,,,,,,,,,,,
M23TCNCX7K1K7,FORWARD_TRANSACTION,ORDER_1769693413265,ORDER_1769693413265,OMO2601291900137373707725W,OMO2601291900137373707725W,ORDER_1769693413265,,300.0,2026-01-29 19:00:36,ERRORED,,,,,,,,,,,TXN_NOT_COMPLETED,TXN_AUTO_FAILED,Payment couldn't be completed due to issues related to customer or their bank.,CUSTOMER,PRE_AUTHENTICATION
M23TCNCX7K1K7,FORWARD_TRANSACTION,ORDER_1769692824811,ORDER_1769692824811,OMO2601291850252637603256W,OMO2601291850252637603256W,ORDER_1769692824811,,300.0,2026-01-29 18:50:36,ERRORED,,,,,,,,,,,TXN_NOT_COMPLETED,TXN_AUTO_FAILED,Payment couldn't be completed due to issues related to customer or their bank.,CUSTOMER,PRE_AUTHENTICATION
M23TCNCX7K1K7,FORWARD_TRANSACTION,ORDER_1769692756844,ORDER_1769692756844,OMO2601291849187001147278W,OMO2601291849187001147278W,ORDER_1769692756844,828969414190,300.0,2026-01-29 18:49:50,COMPLETED,300.0,,,,,,,,,,,,,,
M23TCNCX7K1K7,FORWARD_TRANSACTION,ORDER_1769691877715,ORDER_1769691877715,OMO2601291834381458073929W,OMO2601291834381458073929W,ORDER_1769691877715,335581751585,300.0,2026-01-29 18:34:50,COMPLETED,300.0,,,,,,,,,,,,,,
M23TCNCX7K1K7,FORWARD_TRANSACTION,ORDER_1769691681012,ORDER_1769691681012,OMO2601291831224924877466W,OMO2601291831224924877466W,ORDER_1769691681012,804521127292,300.0,2026-01-29 18:31:39,COMPLETED,300.0,,,,,,,,,,,,,,
M23TCNCX7K1K7,FORWARD_TRANSACTION,ORDER_1769690993400,ORDER_1769690993400,OMO2601291819538117603936W,OMO2601291819538117603936W,ORDER_1769690993400,935182714194,300.0,2026-01-29 18:20:28,COMPLETED,300.0,,,,,,,,,,,,,,
M23TCNCX7K1K7,FORWARD_TRANSACTION,ORDER_1769690751889,ORDER_1769690751889,OMO2601291815521620715582W,OMO2601291815521620715582W,ORDER_1769690751889,438091366737,300.0,2026-01-29 18:16:07,COMPLETED,300.0,,,,,,,,,,,,,,
M23TCNCX7K1K7,FORWARD_TRANSACTION,ORDER_1769690662064,ORDER_1769690662064,OMO2601291814223209321101W,OMO2601291814223209321101W,ORDER_1769690662064,166941025947,300.0,2026-01-29 18:14:40,COMPLETED,300.0,,,,,,,,,,,,,,
M23TCNCX7K1K7,FORWARD_TRANSACTION,ORDER_1769690064726,ORDER_1769690064726,OMO2601291804253778212436W,OMO2601291804253778212436W,ORDER_1769690064726,052017970632,300.0,2026-01-29 18:04:58,COMPLETED,300.0,,,,,,,,,,,,,,
M23TCNCX7K1K7,FORWARD_TRANSACTION,ORDER_1769689800040,ORDER_1769689800040,OMO2601291800006090290374W,OMO2601291800006090290374W,ORDER_1769689800040,822353143535,300.0,2026-01-29 18:00:22,COMPLETED,300.0,,,,,,,,,,,,,,
M23TCNCX7K1K7,FORWARD_TRANSACTION,ORDER_1769689657103,ORDER_1769689657103,OMO2601291757373958641167W,OMO2601291757373958641167W,ORDER_1769689657103,455079767760,300.0,2026-01-29 17:58:01,ERRORED,300.0,,,,,,,,,,INSUFFICIENT_BALANCE,Z9,Payment failed due to insufficient balance in customer's account.,CUSTOMER,AUTHORIZATION
M23TCNCX7K1K7,FORWARD_TRANSACTION,ORDER_1769689369128,ORDER_1769689369128,OMO2601291752494018641751W,OMO2601291752494018641751W,ORDER_1769689369128,480869732649,300.0,2026-01-29 17:53:08,COMPLETED,300.0,,,,,,,,,,,,,,
M23TCNCX7K1K7,FORWARD_TRANSACTION,ORDER_1769689355223,ORDER_1769689355223,OMO2601291752354844274810W,OMO2601291752354844274810W,ORDER_1769689355223,904769360368,300.0,2026-01-29 17:52:51,COMPLETED,300.0,,,,,,,,,,,,,,
M23TCNCX7K1K7,FORWARD_TRANSACTION,ORDER_1769688230873,ORDER_1769688230873,OMO2601291733511979083069W,OMO2601291733511979083069W,ORDER_1769688230873,396326935167,300.0,2026-01-29 17:37:23,COMPLETED,300.0,,,,,,,,,,,,,,
M23TCNCX7K1K7,FORWARD_TRANSACTION,ORDER_1769688347881,ORDER_1769688347881,OMO2601291735481528699838W,OMO2601291735481528699838W,ORDER_1769688347881,761583698468,300.0,2026-01-29 17:36:13,COMPLETED,300.0,,,,,,,,,,,,,,
M23TCNCX7K1K7,FORWARD_TRANSACTION,ORDER_1769687970932,ORDER_1769687970932,OMO2601291729311953707078W,OMO2601291729311953707078W,ORDER_1769687970932,377943155819,300.0,2026-01-29 17:31:17,COMPLETED,300.0,,,,,,,,,,,,,,
M23TCNCX7K1K7,FORWARD_TRANSACTION,ORDER_1769687124484,ORDER_1769687124484,OMO2601291715247293802169W,OMO2601291715247293802169W,ORDER_1769687124484,639581518332,300.0,2026-01-29 17:15:51,COMPLETED,300.0,,,,,,,,,,,,,,
M23TCNCX7K1K7,FORWARD_TRANSACTION,ORDER_1769687023964,ORDER_1769687023964,OMO2601291713443323291987W,OMO2601291713443323291987W,ORDER_1769687023964,389601776306,300.0,2026-01-29 17:15:31,COMPLETED,300.0,,,,,,,,,,,,,,
M23TCNCX7K1K7,FORWARD_TRANSACTION,ORDER_1769686697724,ORDER_1769686697724,OMO2601291708198468699125W,OMO2601291708198468699125W,ORDER_1769686697724,226649626091,300.0,2026-01-29 17:08:43,COMPLETED,300.0,,,,,,,,,,,,,,
M23TCNCX7K1K7,FORWARD_TRANSACTION,ORDER_1769686295650,ORDER_1769686295650,OMO2601291701362549608391W,OMO2601291701362549608391W,ORDER_1769686295650,128776110001,300.0,2026-01-29 17:04:25,COMPLETED,300.0,,,,,,,,,,,,,,
M23TCNCX7K1K7,FORWARD_TRANSACTION,ORDER_1769686232914,ORDER_1769686232914,OMO2601291700332433291978W,OMO2601291700332433291978W,ORDER_1769686232914,698297843858,300.0,2026-01-29 17:01:23,COMPLETED,300.0,,,,,,,,,,,,,,
M23TCNCX7K1K7,FORWARD_TRANSACTION,ORDER_1769684617886,ORDER_1769684617886,OMO2601291633381618813907W,OMO2601291633381618813907W,ORDER_1769684617886,680760237247,300.0,2026-01-29 16:33:49,COMPLETED,300.0,,,,,,,,,,,,,,
M23TCNCX7K1K7,FORWARD_TRANSACTION,ORDER_1769684032519,ORDER_1769684032519,OMO2601291623527934227325W,OMO2601291623527934227325W,ORDER_1769684032519,698295503870,300.0,2026-01-29 16:24:19,COMPLETED,300.0,,,,,,,,,,,,,,
M23TCNCX7K1K7,FORWARD_TRANSACTION,ORDER_1769683642392,ORDER_1769683642392,OMO2601291617226816532691W,OMO2601291617226816532691W,ORDER_1769683642392,776944317244,300.0,2026-01-29 16:17:37,COMPLETED,300.0,,,,,,,,,,,,,,
M23TCNCX7K1K7,FORWARD_TRANSACTION,ORDER_1769683410023,ORDER_1769683410023,OMO2601291613303394989396W,OMO2601291613303394989396W,ORDER_1769683410023,059840766819,300.0,2026-01-29 16:13:51,COMPLETED,300.0,,,,,,,,,,,,,,
M23TCNCX7K1K7,FORWARD_TRANSACTION,ORDER_1769683056212,ORDER_1769683056212,OMO2601291607365783866840W,OMO2601291607365783866840W,ORDER_1769683056212,265192574046,300.0,2026-01-29 16:08:13,COMPLETED,300.0,,,,,,,,,,,,,,
M23TCNCX7K1K7,FORWARD_TRANSACTION,ORDER_1769681832897,ORDER_1769681832897,OMO2601291547135477193905W,OMO2601291547135477193905W,ORDER_1769681832897,737465246170,300.0,2026-01-29 15:47:41,COMPLETED,300.0,,,,,,,,,,,,,,
M23TCNCX7K1K7,FORWARD_TRANSACTION,ORDER_1769681702494,ORDER_1769681702494,OMO2601291545028167193606W,OMO2601291545028167193606W,ORDER_1769681702494,609863976406,300.0,2026-01-29 15:45:27,COMPLETED,300.0,,,,,,,,,,,,,,
M23TCNCX7K1K7,FORWARD_TRANSACTION,ORDER_1769680822388,ORDER_1769680822388,OMO2601291530226821827806W,OMO2601291530226821827806W,ORDER_1769680822388,349474660277,300.0,2026-01-29 15:30:52,COMPLETED,300.0,,,,,,,,,,,,,,
M23TCNCX7K1K7,FORWARD_TRANSACTION,ORDER_1769680722987,ORDER_1769680722987,OMO2601291528433731000917W,OMO2601291528433731000917W,ORDER_1769680722987,377492674433,300.0,2026-01-29 15:29:08,COMPLETED,300.0,,,,,,,,,,,,,,
M23TCNCX7K1K7,FORWARD_TRANSACTION,ORDER_1769679561676,ORDER_1769679561676,OMO2601291509220535683423W,OMO2601291509220535683423W,ORDER_1769679561676,514903308336,300.0,2026-01-29 15:09:40,COMPLETED,300.0,,,,,,,,,,,,,,
M23TCNCX7K1K7,FORWARD_TRANSACTION,ORDER_1769679107223,ORDER_1769679107223,OMO2601291501479343030072W,OMO2601291501479343030072W,ORDER_1769679107223,383683659212,300.0,2026-01-29 15:03:35,COMPLETED,300.0,,,,,,,,,,,,,,
M23TCNCX7K1K7,FORWARD_TRANSACTION,ORDER_1769678292023,ORDER_1769678292023,OMO2601291448123728352842W,OMO2601291448123728352842W,ORDER_1769678292023,000450728067,300.0,2026-01-29 14:48:49,COMPLETED,300.0,,,,,,,,,,,,,,
M23TCNCX7K1K7,FORWARD_TRANSACTION,ORDER_1769678175513,ORDER_1769678175513,OMO2601291446157726223150W,OMO2601291446157726223150W,ORDER_1769678175513,165262493157,300.0,2026-01-29 14:46:51,COMPLETED,300.0,,,,,,,,,,,,,,
M23TCNCX7K1K7,FORWARD_TRANSACTION,ORDER_1769676454357,ORDER_1769676454357,OMO2601291417350677422769W,OMO2601291417350677422769W,ORDER_1769676454357,369453010976,300.0,2026-01-29 14:17:55,COMPLETED,300.0,,,,,,,,,,,,,,
M23TCNCX7K1K7,FORWARD_TRANSACTION,ORDER_1769676278874,ORDER_1769676278874,OMO2601291414393494283765W,OMO2601291414393494283765W,ORDER_1769676278874,602943667717,300.0,2026-01-29 14:15:48,COMPLETED,300.0,,,,,,,,,,,,,,
M23TCNCX7K1K7,FORWARD_TRANSACTION,ORDER_1769676210717,ORDER_1769676210717,OMO2601291413310103534779W,OMO2601291413310103534779W,ORDER_1769676210717,476114838097,300.0,2026-01-29 14:14:32,COMPLETED,300.0,,,,,,,,,,,,,,
M23TCNCX7K1K7,FORWARD_TRANSACTION,ORDER_1769675821863,ORDER_1769675821863,OMO2601291407021533030281W,OMO2601291407021533030281W,ORDER_1769675821863,956973378572,300.0,2026-01-29 14:07:26,COMPLETED,300.0,,,,,,,,,,,,,,
M23TCNCX7K1K7,FORWARD_TRANSACTION,ORDER_1769675812301,ORDER_1769675812301,OMO2601291406529482323635W,OMO2601291406529482323635W,ORDER_1769675812301,523333187760,300.0,2026-01-29 14:07:08,COMPLETED,300.0,,,,,,,,,,,,,,
M23TCNCX7K1K7,FORWARD_TRANSACTION,ORDER_1769675595111,ORDER_1769675595111,OMO2601291403154158352300W,OMO2601291403154158352300W,ORDER_1769675595111,661162337855,300.0,2026-01-29 14:03:54,COMPLETED,300.0,,,,,,,,,,,,,,
M23TCNCX7K1K7,FORWARD_TRANSACTION,ORDER_1769675319112,ORDER_1769675319112,OMO2601291358393654796982W,OMO2601291358393654796982W,ORDER_1769675319112,292886259999,300.0,2026-01-29 13:58:56,COMPLETED,300.0,,,,,,,,,,,,,,
M23TCNCX7K1K7,FORWARD_TRANSACTION,ORDER_1769674434377,ORDER_1769674434377,OMO2601291343547824283971W,OMO2601291343547824283971W,ORDER_1769674434377,534344971449,300.0,2026-01-29 13:44:14,COMPLETED,300.0,,,,,,,,,,,,,,
M23TCNCX7K1K7,FORWARD_TRANSACTION,ORDER_1769673082425,ORDER_1769673082425,OMO2601291321238791267139W,OMO2601291321238791267139W,ORDER_1769673082425,991252577958,300.0,2026-01-29 13:21:39,COMPLETED,300.0,,,,,,,,,,,,,,
M23TCNCX7K1K7,FORWARD_TRANSACTION,ORDER_1769671282605,ORDER_1769671282605,OMO2601291251232758352265W,OMO2601291251232758352265W,ORDER_1769671282605,969787982570,300.0,2026-01-29 12:51:36,COMPLETED,300.0,,,,,,,,,,,,,,
M23TCNCX7K1K7,FORWARD_TRANSACTION,ORDER_1769670169755,ORDER_1769670169755,OMO2601291232503204607769W,OMO2601291232503204607769W,ORDER_1769670169755,854160930217,300.0,2026-01-29 12:33:18,COMPLETED,300.0,,,,,,,,,,,,,,
M23TCNCX7K1K7,FORWARD_TRANSACTION,ORDER_1769669585893,ORDER_1769669585893,OMO2601291223072627734824W,OMO2601291223072627734824W,ORDER_1769669585893,237030710300,300.0,2026-01-29 12:23:23,COMPLETED,300.0,,,,,,,,,,,,,,
M23TCNCX7K1K7,FORWARD_TRANSACTION,ORDER_1769669393907,ORDER_1769669393907,OMO2601291219544033030638W,OMO2601291219544033030638W,ORDER_1769669393907,421169276509,300.0,2026-01-29 12:21:29,COMPLETED,300.0,,,,,,,,,,,,,,
M23TCNCX7K1K7,FORWARD_TRANSACTION,ORDER_1769669412891,ORDER_1769669412891,OMO2601291220133166458980W,OMO2601291220133166458980W,ORDER_1769669412891,233211784027,300.0,2026-01-29 12:20:29,COMPLETED,300.0,,,,,,,,,,,,,,
M23TCNCX7K1K7,FORWARD_TRANSACTION,ORDER_1769669408283,ORDER_1769669408283,OMO2601291220089313534495W,OMO2601291220089313534495W,ORDER_1769669408283,769262798186,300.0,2026-01-29 12:20:20,COMPLETED,300.0,,,,,,,,,,,,,,
M23TCNCX7K1K7,FORWARD_TRANSACTION,ORDER_1769669373187,ORDER_1769669373187,OMO2601291219337626223790W,OMO2601291219337626223790W,ORDER_1769669373187,747422986303,300.0,2026-01-29 12:19:50,COMPLETED,300.0,,,,,,,,,,,,,,
M23TCNCX7K1K7,FORWARD_TRANSACTION,ORDER_1769669317874,ORDER_1769669317874,OMO2601291218381786332329W,OMO2601291218381786332329W,ORDER_1769669317874,275202553962,300.0,2026-01-29 12:19:01,COMPLETED,300.0,,,,,,,,,,,,,,
M23TCNCX7K1K7,FORWARD_TRANSACTION,ORDER_1769668854608,ORDER_1769668854608,OMO2601291210548904796896W,OMO2601291210548904796896W,ORDER_1769668854608,758189275535,300.0,2026-01-29 12:11:16,COMPLETED,300.0,,,,,,,,,,,,,,
M23TCNCX7K1K7,FORWARD_TRANSACTION,ORDER_1769668695929,ORDER_1769668695929,OMO2601291208163544796157W,OMO2601291208163544796157W,ORDER_1769668695929,786415602977,300.0,2026-01-29 12:08:38,COMPLETED,300.0,,,,,,,,,,,,,,
M23TCNCX7K1K7,FORWARD_TRANSACTION,ORDER_1769668628068,ORDER_1769668628068,OMO2601291207084248352397W,OMO2601291207084248352397W,ORDER_1769668628068,756299827657,300.0,2026-01-29 12:07:31,COMPLETED,300.0,,,,,,,,,,,,,,
M23TCNCX7K1K7,FORWARD_TRANSACTION,ORDER_1769668406673,ORDER_1769668406673,OMO2601291203270784283635W,OMO2601291203270784283635W,ORDER_1769668406673,976624564648,300.0,2026-01-29 12:03:58,COMPLETED,300.0,,,,,,,,,,,,,,
M23TCNCX7K1K7,FORWARD_TRANSACTION,ORDER_1769667628302,ORDER_1769667628302,OMO2601291150286881956629W,OMO2601291150286881956629W,ORDER_1769667628302,751440443452,300.0,2026-01-29 11:50:51,COMPLETED,300.0,,,,,,,,,,,,,,
M23TCNCX7K1K7,FORWARD_TRANSACTION,ORDER_1769667114000,ORDER_1769667114000,OMO2601291141542573030777W,OMO2601291141542573030777W,ORDER_1769667114000,926319629106,300.0,2026-01-29 11:42:23,COMPLETED,300.0,,,,,,,,,,,,,,
M23TCNCX7K1K7,FORWARD_TRANSACTION,ORDER_1769666937615,ORDER_1769666937615,OMO2601291138579296414816W,OMO2601291138579296414816W,ORDER_1769666937615,754741997005,300.0,2026-01-29 11:41:26,COMPLETED,300.0,,,,,,,,,,,,,,
M23TCNCX7K1K7,FORWARD_TRANSACTION,ORDER_1769666701434,ORDER_1769666701434,OMO2601291135017324796526W,OMO2601291135017324796526W,ORDER_1769666701434,095310501334,300.0,2026-01-29 11:35:16,COMPLETED,300.0,,,,,,,,,,,,,,
M23TCNCX7K1K7,FORWARD_TRANSACTION,ORDER_1769666025890,ORDER_1769666025890,OMO2601291123464254796358W,OMO2601291123464254796358W,ORDER_1769666025890,930756473329,300.0,2026-01-29 11:24:01,COMPLETED,300.0,,,,,,,,,,,,,,
M23TCNCX7K1K7,FORWARD_TRANSACTION,ORDER_1769665796042,ORDER_1769665796042,OMO2601291119565564607254W,OMO2601291119565564607254W,ORDER_1769665796042,981135806980,300.0,2026-01-29 11:22:35,COMPLETED,300.0,,,,,,,,,,,,,,
M23TCNCX7K1K7,FORWARD_TRANSACTION,ORDER_1769665884550,ORDER_1769665884550,OMO2601291121247995673239W,OMO2601291121247995673239W,ORDER_1769665884550,639591714673,300.0,2026-01-29 11:22:04,COMPLETED,300.0,,,,,,,,,,,,,,
M23TCNCX7K1K7,FORWARD_TRANSACTION,ORDER_1769665887812,ORDER_1769665887812,OMO2601291121280657422449W,OMO2601291121280657422449W,ORDER_1769665887812,559134918970,300.0,2026-01-29 11:21:44,COMPLETED,300.0,,,,,,,,,,,,,,
M23TCNCX7K1K7,FORWARD_TRANSACTION,ORDER_1769665616450,ORDER_1769665616450,OMO2601291116569525673362W,OMO2601291116569525673362W,ORDER_1769665616450,353973110981,300.0,2026-01-29 11:17:25,COMPLETED,300.0,,,,,,,,,,,,,,
M23TCNCX7K1K7,FORWARD_TRANSACTION,ORDER_1769665584745,ORDER_1769665584745,OMO2601291116249791827175W,OMO2601291116249791827175W,ORDER_1769665584745,828303881634,300.0,2026-01-29 11:17:03,COMPLETED,300.0,,,,,,,,,,,,,,
M23TCNCX7K1K7,FORWARD_TRANSACTION,ORDER_1769665192627,ORDER_1769665192627,OMO2601291109531255484127W,OMO2601291109531255484127W,ORDER_1769665192627,613185366099,300.0,2026-01-29 11:11:08,COMPLETED,300.0,,,,,,,,,,,,,,
M23TCNCX7K1K7,FORWARD_TRANSACTION,ORDER_1769665077751,ORDER_1769665077751,OMO2601291107580735484748W,OMO2601291107580735484748W,ORDER_1769665077751,018165309202,300.0,2026-01-29 11:08:16,COMPLETED,300.0,,,,,,,,,,,,,,
M23TCNCX7K1K7,FORWARD_TRANSACTION,ORDER_1769664749433,ORDER_1769664749433,OMO2601291102297831956483W,OMO2601291102297831956483W,ORDER_1769664749433,660540138707,300.0,2026-01-29 11:03:55,COMPLETED,300.0,,,,,,,,,,,,,,
M23TCNCX7K1K7,FORWARD_TRANSACTION,ORDER_1769664397481,ORDER_1769664397481,OMO2601291056378694607304W,OMO2601291056378694607304W,ORDER_1769664397481,639535902947,300.0,2026-01-29 10:57:52,COMPLETED,300.0,,,,,,,,,,,,,,
M23TCNCX7K1K7,FORWARD_TRANSACTION,ORDER_1769664323326,ORDER_1769664323326,OMO2601291055238305673214W,OMO2601291055238305673214W,ORDER_1769664323326,525369189735,300.0,2026-01-29 10:56:59,COMPLETED,300.0,,,,,,,,,,,,,,
M23TCNCX7K1K7,FORWARD_TRANSACTION,ORDER_1769663878779,ORDER_1769663878779,OMO2601291047590638352457W,OMO2601291047590638352457W,ORDER_1769663878779,374341751102,300.0,2026-01-29 10:48:45,COMPLETED,300.0,,,,,,,,,,,,,,
M23TCNCX7K1K7,FORWARD_TRANSACTION,ORDER_1769663446230,ORDER_1769663446230,OMO2601291040470755673811W,OMO2601291040470755673811W,ORDER_1769663446230,639553908553,300.0,2026-01-29 10:41:03,COMPLETED,300.0,,,,,,,,,,,,,,
M23TCNCX7K1K7,FORWARD_TRANSACTION,ORDER_1769661826730,ORDER_1769661826730,OMO2601291013472916332911W,OMO2601291013472916332911W,ORDER_1769661826730,341833450317,300.0,2026-01-29 10:14:48,COMPLETED,300.0,,,,,,,,,,,,,,
M23TCNCX7K1K7,FORWARD_TRANSACTION,ORDER_1769661249156,ORDER_1769661249156,OMO2601291004097197422195W,OMO2601291004097197422195W,ORDER_1769661249156,550945603500,300.0,2026-01-29 10:04:35,COMPLETED,300.0,,,,,,,,,,,,,,
M23TCNCX7K1K7,FORWARD_TRANSACTION,ORDER_1769660986670,ORDER_1769660986670,OMO2601290959473504283416W,OMO2601290959473504283416W,ORDER_1769660986670,592504386440,300.0,2026-01-29 10:00:03,COMPLETED,300.0,,,,,,,,,,,,,,
M23TCNCX7K1K7,FORWARD_TRANSACTION,ORDER_1769660773607,ORDER_1769660773607,OMO2601290956141632323077W,OMO2601290956141632323077W,ORDER_1769660773607,312972890462,300.0,2026-01-29 09:58:03,COMPLETED,300.0,,,,,,,,,,,,,,
M23TCNCX7K1K7,FORWARD_TRANSACTION,ORDER_1769660571640,ORDER_1769660571640,OMO2601290952522891956070W,OMO2601290952522891956070W,ORDER_1769660571640,039876853243,300.0,2026-01-29 09:53:51,ERRORED,300.0,,,,,,,,,,TXN_NOT_COMPLETED,TXN_AUTO_FAILED,Payment couldn't be completed due to issues related to customer or their bank.,CUSTOMER,PRE_AUTHENTICATION
M23TCNCX7K1K7,FORWARD_TRANSACTION,ORDER_1769660332059,ORDER_1769660332059,OMO2601290948524916332791W,OMO2601290948524916332791W,ORDER_1769660332059,209164754970,300.0,2026-01-29 09:49:11,COMPLETED,300.0,,,,,,,,,,,,,,
M23TCNCX7K1K7,FORWARD_TRANSACTION,ORDER_1769660274742,ORDER_1769660274742,OMO2601290947550016414126W,OMO2601290947550016414126W,ORDER_1769660274742,030970976067,300.0,2026-01-29 09:48:36,COMPLETED,300.0,,,,,,,,,,,,,,
M23TCNCX7K1K7,FORWARD_TRANSACTION,ORDER_1769660081417,ORDER_1769660081417,OMO2601290944420761827754W,OMO2601290944420761827754W,ORDER_1769660081417,110852349024,300.0,2026-01-29 09:44:58,COMPLETED,300.0,,,,,,,,,,,,,,
M23TCNCX7K1K7,FORWARD_TRANSACTION,ORDER_1769659803588,ORDER_1769659803588,OMO2601290940039085484828W,OMO2601290940039085484828W,ORDER_1769659803588,577625076412,300.0,2026-01-29 09:40:18,COMPLETED,300.0,,,,,,,,,,,,,,
M23TCNCX7K1K7,FORWARD_TRANSACTION,ORDER_1769659787734,ORDER_1769659787734,OMO2601290939479945673183W,OMO2601290939479945673183W,ORDER_1769659787734,482107646227,300.0,2026-01-29 09:40:09,COMPLETED,300.0,,,,,,,,,,,,,,
M23TCNCX7K1K7,FORWARD_TRANSACTION,ORDER_1769659528675,ORDER_1769659528675,OMO2601290935290324796507W,OMO2601290935290324796507W,ORDER_1769659528675,458224967949,300.0,2026-01-29 09:35:56,COMPLETED,300.0,,,,,,,,,,,,,,
M23TCNCX7K1K7,FORWARD_TRANSACTION,ORDER_1769657930950,ORDER_1769657930950,OMO2601290908512657422841W,OMO2601290908512657422841W,ORDER_1769657930950,639520001078,300.0,2026-01-29 09:09:12,COMPLETED,300.0,,,,,,,,,,,,,,
M23TCNCX7K1K7,FORWARD_TRANSACTION,ORDER_1769655724369,ORDER_1769655724369,OMO2601290832048166223286W,OMO2601290832048166223286W,ORDER_1769655724369,679208830978,300.0,2026-01-29 08:32:19,COMPLETED,300.0,,,,,,,,,,,,,,
M23TCNCX7K1K7,FORWARD_TRANSACTION,ORDER_1769655425679,ORDER_1769655425679,OMO2601290827059898352772W,OMO2601290827059898352772W,ORDER_1769655425679,736059716580,300.0,2026-01-29 08:27:27,COMPLETED,300.0,,,,,,,,,,,,,,
M23TCNCX7K1K7,FORWARD_TRANSACTION,ORDER_1769654927466,ORDER_1769654927466,OMO2601290818478371956732W,OMO2601290818478371956732W,ORDER_1769654927466,400325441860,300.0,2026-01-29 08:19:30,ERRORED,300.0,,,,,,,,,,INSUFFICIENT_BALANCE,Z9,Payment failed due to insufficient balance in customer's account.,CUSTOMER,AUTHORIZATION
M23TCNCX7K1K7,FORWARD_TRANSACTION,ORDER_1769653401844,ORDER_1769653401844,OMO2601290753220515484794W,OMO2601290753220515484794W,ORDER_1769653401844,109090371235,300.0,2026-01-29 07:53:40,COMPLETED,300.0,,,,,,,,,,,,,,
M23TCNCX7K1K7,FORWARD_TRANSACTION,ORDER_1769653361417,ORDER_1769653361417,OMO2601290752416784283927W,OMO2601290752416784283927W,ORDER_1769653361417,575432427187,300.0,2026-01-29 07:52:59,COMPLETED,300.0,,,,,,,,,,,,,,
M23TCNCX7K1K7,FORWARD_TRANSACTION,ORDER_1769653362519,ORDER_1769653362519,OMO2601290752427213030325W,OMO2601290752427213030325W,ORDER_1769653362519,413560331459,300.0,2026-01-29 07:52:54,COMPLETED,300.0,,,,,,,,,,,,,,
M23TCNCX7K1K7,FORWARD_TRANSACTION,ORDER_1769653210472,ORDER_1769653210472,OMO2601290750107954283551W,OMO2601290750107954283551W,ORDER_1769653210472,747521091478,300.0,2026-01-29 07:50:32,ERRORED,300.0,,,,,,,,,,INSUFFICIENT_BALANCE,Z9,Payment failed due to insufficient balance in customer's account.,CUSTOMER,AUTHORIZATION
M23TCNCX7K1K7,FORWARD_TRANSACTION,ORDER_1769653174960,ORDER_1769653174960,OMO2601290749353314607744W,OMO2601290749353314607744W,ORDER_1769653174960,898518056869,300.0,2026-01-29 07:50:31,COMPLETED,300.0,,,,,,,,,,,,,,
M23TCNCX7K1K7,FORWARD_TRANSACTION,ORDER_1769653183206,ORDER_1769653183206,OMO2601290749434856458383W,OMO2601290749434856458383W,ORDER_1769653183206,604845343191,300.0,2026-01-29 07:50:08,COMPLETED,300.0,,,,,,,,,,,,,,
M23TCNCX7K1K7,FORWARD_TRANSACTION,ORDER_1769652084014,ORDER_1769652084014,OMO2601290731247016332134W,OMO2601290731247016332134W,ORDER_1769652084014,530080495241,300.0,2026-01-29 07:31:58,COMPLETED,300.0,,,,,,,,,,,,,,
M23TCNCX7K1K7,FORWARD_TRANSACTION,ORDER_1769651682078,ORDER_1769651682078,OMO2601290724423783030694W,OMO2601290724423783030694W,ORDER_1769651682078,919297015523,300.0,2026-01-29 07:26:04,COMPLETED,300.0,,,,,,,,,,,,,,
M23TCNCX7K1K7,FORWARD_TRANSACTION,ORDER_1769651656763,ORDER_1769651656763,OMO2601290724171011827102W,OMO2601290724171011827102W,ORDER_1769651656763,698267471979,300.0,2026-01-29 07:24:32,COMPLETED,300.0,,,,,,,,,,,,,,
M23TCNCX7K1K7,FORWARD_TRANSACTION,ORDER_1769651448152,ORDER_1769651448152,OMO2601290720484504283367W,OMO2601290720484504283367W,ORDER_1769651448152,912419330414,300.0,2026-01-29 07:21:00,COMPLETED,300.0,,,,,,,,,,,,,,
M23TCNCX7K1K7,FORWARD_TRANSACTION,ORDER_1769651306334,ORDER_1769651306334,OMO2601290718266604796401W,OMO2601290718266604796401W,ORDER_1769651306334,965183524010,300.0,2026-01-29 07:18:44,COMPLETED,300.0,,,,,,,,,,,,,,
M23TCNCX7K1K7,FORWARD_TRANSACTION,ORDER_1769650956973,ORDER_1769650956973,OMO2601290712373485673853W,OMO2601290712373485673853W,ORDER_1769650956973,284521813004,300.0,2026-01-29 07:12:57,COMPLETED,300.0,,,,,,,,,,,,,,
M23TCNCX7K1K7,FORWARD_TRANSACTION,ORDER_1769649657518,ORDER_1769649657518,OMO2601290650577885683582W,OMO2601290650577885683582W,ORDER_1769649657518,,300.0,2026-01-29 06:51:35,ERRORED,,,,,,,,,,,TXN_NOT_COMPLETED,TXN_AUTO_FAILED,Payment couldn't be completed due to issues related to customer or their bank.,CUSTOMER,PRE_AUTHENTICATION
M23TCNCX7K1K7,FORWARD_TRANSACTION,ORDER_1769648607820,ORDER_1769648607820,OMO2601290633282155484867W,OMO2601290633282155484867W,ORDER_1769648607820,035520332651,300.0,2026-01-29 06:33:57,COMPLETED,300.0,,,,,,,,,,,,,,
M23TCNCX7K1K7,FORWARD_TRANSACTION,ORDER_1769648237117,ORDER_1769648237117,OMO2601290627174773534236W,OMO2601290627174773534236W,ORDER_1769648237117,361764395047,300.0,2026-01-29 06:28:20,COMPLETED,300.0,,,,,,,,,,,,,,
M23TCNCX7K1K7,FORWARD_TRANSACTION,ORDER_1769648185276,ORDER_1769648185276,OMO2601290626256096053753W,OMO2601290626256096053753W,ORDER_1769648185276,323508825612,300.0,2026-01-29 06:26:41,COMPLETED,300.0,,,,,,,,,,,,,,
M23TCNCX7K1K7,FORWARD_TRANSACTION,ORDER_1769647142290,ORDER_1769647142290,OMO2601290609026198352693W,OMO2601290609026198352693W,ORDER_1769647142290,698266687572,300.0,2026-01-29 06:09:25,COMPLETED,300.0,,,,,,,,,,,,,,
M23TCNCX7K1K7,FORWARD_TRANSACTION,ORDER_1769646649138,ORDER_1769646649138,OMO2601290600494408352427W,OMO2601290600494408352427W,ORDER_1769646649138,600731205326,300.0,2026-01-29 06:01:29,COMPLETED,300.0,,,,,,,,,,,,,,
M23TCNCX7K1K7,FORWARD_TRANSACTION,ORDER_1769621224120,ORDER_1769621224120,OMO2601282257049298352614W,OMO2601282257049298352614W,ORDER_1769621224120,639430106098,300.0,2026-01-28 22:57:26,COMPLETED,300.0,,,,,,,,,,,,,,
M23TCNCX7K1K7,FORWARD_TRANSACTION,ORDER_1769620912083,ORDER_1769620912083,OMO2601282251527216458726W,OMO2601282251527216458726W,ORDER_1769620912083,602851299323,300.0,2026-01-28 22:52:16,COMPLETED,300.0,,,,,,,,,,,,,,
M23TCNCX7K1K7,FORWARD_TRANSACTION,ORDER_1769617827674,ORDER_1769617827674,OMO2601282200283206223599W,OMO2601282200283206223599W,ORDER_1769617827674,506940785226,300.0,2026-01-28 22:00:49,COMPLETED,300.0,,,,,,,,,,,,,,
M23TCNCX7K1K7,FORWARD_TRANSACTION,ORDER_1769617802024,ORDER_1769617802024,OMO2601282200037744796763W,OMO2601282200037744796763W,ORDER_1769617802024,,300.0,2026-01-28 22:00:38,ERRORED,,,,,,,,,,,TXN_NOT_COMPLETED,TXN_AUTO_FAILED,Payment couldn't be completed due to issues related to customer or their bank.,CUSTOMER,PRE_AUTHENTICATION
M23TCNCX7K1K7,FORWARD_TRANSACTION,ORDER_1769617569092,ORDER_1769617569092,OMO2601282156099844283613W,OMO2601282156099844283613W,ORDER_1769617569092,549530913362,300.0,2026-01-28 21:58:04,COMPLETED,300.0,,,,,,,,,,,,,,
M23TCNCX7K1K7,FORWARD_TRANSACTION,ORDER_1769617416083,ORDER_1769617416083,OMO2601282153388947734929W,OMO2601282153388947734929W,ORDER_1769617416083,,300.0,2026-01-28 21:54:01,ERRORED,,,,,,,,,,,TXN_NOT_COMPLETED,TXN_AUTO_FAILED,Payment couldn't be completed due to issues related to customer or their bank.,CUSTOMER,PRE_AUTHENTICATION
M23TCNCX7K1K7,FORWARD_TRANSACTION,ORDER_1769617177818,ORDER_1769617177818,OMO2601282149410993534186W,OMO2601282149410993534186W,ORDER_1769617177818,,300.0,2026-01-28 21:50:26,ERRORED,,,,,,,,,,,TXN_NOT_COMPLETED,TXN_AUTO_FAILED,Payment couldn't be completed due to issues related to customer or their bank.,CUSTOMER,PRE_AUTHENTICATION
M23TCNCX7K1K7,FORWARD_TRANSACTION,ORDER_1769615053952,ORDER_1769615053952,OMO2601282114161798352902W,OMO2601282114161798352902W,ORDER_1769615053952,132984356026,300.0,2026-01-28 21:14:46,COMPLETED,300.0,,,,,,,,,,,,,,
M23TCNCX7K1K7,FORWARD_TRANSACTION,ORDER_1769614413132,ORDER_1769614413132,OMO2601282103350295673438W,OMO2601282103350295673438W,ORDER_1769614413132,423356350665,300.0,2026-01-28 21:04:11,COMPLETED,300.0,,,,,,,,,,,,,,
M23TCNCX7K1K7,FORWARD_TRANSACTION,ORDER_1769614308205,ORDER_1769614308205,OMO2601282101500801267717W,OMO2601282101500801267717W,ORDER_1769614308205,216026817885,300.0,2026-01-28 21:02:26,COMPLETED,300.0,,,,,,,,,,,,,,
M23TCNCX7K1K7,FORWARD_TRANSACTION,ORDER_1769614272880,ORDER_1769614272880,OMO2601282101148006414869W,OMO2601282101148006414869W,ORDER_1769614272880,793025062907,300.0,2026-01-28 21:02:01,COMPLETED,300.0,,,,,,,,,,,,,,
M23TCNCX7K1K7,FORWARD_TRANSACTION,ORDER_1769613841462,ORDER_1769613841462,OMO2601282054032915683958W,OMO2601282054032915683958W,ORDER_1769613841462,,300.0,2026-01-28 20:54:34,ERRORED,,,,,,,,,,,TXN_NOT_COMPLETED,TXN_AUTO_FAILED,Payment couldn't be completed due to issues related to customer or their bank.,CUSTOMER,PRE_AUTHENTICATION
M23TCNCX7K1K7,FORWARD_TRANSACTION,ORDER_1769613768151,ORDER_1769613768151,OMO2601282052501157422000W,OMO2601282052501157422000W,ORDER_1769613768151,633376441556,300.0,2026-01-28 20:53:16,COMPLETED,300.0,,,,,,,,,,,,,,
M23TCNCX7K1K7,FORWARD_TRANSACTION,ORDER_1769613085193,ORDER_1769613085193,OMO2601282041260353030277W,OMO2601282041260353030277W,ORDER_1769613085193,298467721272,300.0,2026-01-28 20:41:50,COMPLETED,300.0,,,,,,,,,,,,,,
M23TCNCX7K1K7,FORWARD_TRANSACTION,ORDER_1769612979083,ORDER_1769612979083,OMO2601282039409516414887W,OMO2601282039409516414887W,ORDER_1769612979083,581883838221,300.0,2026-01-28 20:39:59,COMPLETED,300.0,,,,,,,,,,,,,,
M23TCNCX7K1K7,FORWARD_TRANSACTION,ORDER_1769612787341,ORDER_1769612787341,OMO2601282036292546332636W,OMO2601282036292546332636W,ORDER_1769612787341,768574199545,300.0,2026-01-28 20:38:07,COMPLETED,300.0,,,,,,,,,,,,,,
M23TCNCX7K1K7,FORWARD_TRANSACTION,ORDER_1769612728390,ORDER_1769612728390,OMO2601282035302781267693W,OMO2601282035302781267693W,ORDER_1769612728390,568972908320,300.0,2026-01-28 20:35:52,COMPLETED,300.0,,,,,,,,,,,,,,
M23TCNCX7K1K7,FORWARD_TRANSACTION,ORDER_1769612450176,ORDER_1769612450176,OMO2601282030520866053691W,OMO2601282030520866053691W,ORDER_1769612450176,788065239402,300.0,2026-01-28 20:31:37,COMPLETED,300.0,,,,,,,,,,,,,,
M23TCNCX7K1K7,FORWARD_TRANSACTION,ORDER_1769611115055,ORDER_1769611115055,OMO2601282008374416223309W,OMO2601282008374416223309W,ORDER_1769611115055,981901845204,300.0,2026-01-28 20:08:58,ERRORED,300.0,,,,,,,,,,INSUFFICIENT_BALANCE,Z9,Payment failed due to insufficient balance in customer's account.,CUSTOMER,AUTHORIZATION
M23TCNCX7K1K7,FORWARD_TRANSACTION,ORDER_1769610412081,ORDER_1769610412081,OMO2601281956539483030744W,OMO2601281956539483030744W,ORDER_1769610412081,114280836650,300.0,2026-01-28 19:57:14,COMPLETED,300.0,,,,,,,,,,,,,,
M23TCNCX7K1K7,FORWARD_TRANSACTION,ORDER_1769609442930,ORDER_1769609442930,OMO2601281940447745683500W,OMO2601281940447745683500W,ORDER_1769609442930,549386752246,300.0,2026-01-28 19:41:10,COMPLETED,300.0,,,,,,,,,,,,,,
M23TCNCX7K1K7,FORWARD_TRANSACTION,ORDER_1769609215826,ORDER_1769609215826,OMO2601281936577001267481W,OMO2601281936577001267481W,ORDER_1769609215826,468946574772,300.0,2026-01-28 19:37:09,COMPLETED,300.0,,,,,,,,,,,,,,
M23TCNCX7K1K7,FORWARD_TRANSACTION,ORDER_1769609130032,ORDER_1769609130032,OMO2601281935319032323011W,OMO2601281935319032323011W,ORDER_1769609130032,566164269693,300.0,2026-01-28 19:35:56,COMPLETED,300.0,,,,,,,,,,,,,,
M23TCNCX7K1K7,FORWARD_TRANSACTION,ORDER_1769608930512,ORDER_1769608930512,OMO2601281932123803030116W,OMO2601281932123803030116W,ORDER_1769608930512,980184223694,300.0,2026-01-28 19:34:28,COMPLETED,300.0,,,,,,,,,,,,,,
M23TCNCX7K1K7,FORWARD_TRANSACTION,ORDER_1769605740406,ORDER_1769605740406,OMO2601281839023966332383W,OMO2601281839023966332383W,ORDER_1769605740406,,300.0,2026-01-28 18:40:18,ERRORED,,,,,,,,,,,TXN_NOT_COMPLETED,TXN_AUTO_FAILED,Payment couldn't be completed due to issues related to customer or their bank.,CUSTOMER,PRE_AUTHENTICATION
M23TCNCX7K1K7,FORWARD_TRANSACTION,ORDER_1769605397707,ORDER_1769605397707,OMO2601281833195654283553W,OMO2601281833195654283553W,ORDER_1769605397707,009446007738,300.0,2026-01-28 18:33:49,COMPLETED,300.0,,,,,,,,,,,,,,
M23TCNCX7K1K7,FORWARD_TRANSACTION,ORDER_1769604413183,ORDER_1769604413183,OMO2601281816551274283284W,OMO2601281816551274283284W,ORDER_1769604413183,250021424034,300.0,2026-01-28 18:17:19,COMPLETED,300.0,,,,,,,,,,,,,,
M23TCNCX7K1K7,FORWARD_TRANSACTION,ORDER_1769603996957,ORDER_1769603996957,OMO2601281809588266053852W,OMO2601281809588266053852W,ORDER_1769603996957,602880169961,300.0,2026-01-28 18:13:52,COMPLETED,300.0,,,,,,,,,,,,,,
M23TCNCX7K1K7,FORWARD_TRANSACTION,ORDER_1769603944177,ORDER_1769603944177,OMO2601281809061781956576W,OMO2601281809061781956576W,ORDER_1769603944177,457393922997,300.0,2026-01-28 18:10:28,COMPLETED,300.0,,,,,,,,,,,,,,
M23TCNCX7K1K7,FORWARD_TRANSACTION,ORDER_1769603660834,ORDER_1769603660834,OMO2601281804228175484981W,OMO2601281804228175484981W,ORDER_1769603660834,108588554183,300.0,2026-01-28 18:04:46,COMPLETED,300.0,,,,,,,,,,,,,,
M23TCNCX7K1K7,FORWARD_TRANSACTION,ORDER_1769602628784,ORDER_1769602628784,OMO2601281747105445484347W,OMO2601281747105445484347W,ORDER_1769602628784,779625024020,300.0,2026-01-28 17:47:37,COMPLETED,300.0,,,,,,,,,,,,,,
M23TCNCX7K1K7,FORWARD_TRANSACTION,ORDER_1769602497452,ORDER_1769602497452,OMO2601281744591876458068W,OMO2601281744591876458068W,ORDER_1769602497452,073583215396,300.0,2026-01-28 17:47:14,COMPLETED,300.0,,,,,,,,,,,,,,
M23TCNCX7K1K7,FORWARD_TRANSACTION,ORDER_1769602494197,ORDER_1769602494197,OMO2601281744560562323479W,OMO2601281744560562323479W,ORDER_1769602494197,567638356931,300.0,2026-01-28 17:46:54,COMPLETED,300.0,,,,,,,,,,,,,,
M23TCNCX7K1K7,FORWARD_TRANSACTION,ORDER_1769602519923,ORDER_1769602519923,OMO2601281745217271956394W,OMO2601281745217271956394W,ORDER_1769602519923,535034995055,300.0,2026-01-28 17:45:47,COMPLETED,300.0,,,,,,,,,,,,,,
M23TCNCX7K1K7,FORWARD_TRANSACTION,ORDER_1769602461906,ORDER_1769602461906,OMO2601281744236834796519W,OMO2601281744236834796519W,ORDER_1769602461906,800150678243,300.0,2026-01-28 17:44:51,COMPLETED,300.0,,,,,,,,,,,,,,
M23TCNCX7K1K7,FORWARD_TRANSACTION,ORDER_1769601813355,ORDER_1769601813355,OMO2601281733352212323251W,OMO2601281733352212323251W,ORDER_1769601813355,,300.0,2026-01-28 17:33:52,ERRORED,,,,,,,,,,,TXN_NOT_COMPLETED,TXN_AUTO_FAILED,Payment couldn't be completed due to issues related to customer or their bank.,CUSTOMER,PRE_AUTHENTICATION
M23TCNCX7K1K7,FORWARD_TRANSACTION,ORDER_1769601532042,ORDER_1769601532042,OMO2601281728526496458931W,OMO2601281728526496458931W,ORDER_1769601532042,,300.0,2026-01-28 17:29:40,ERRORED,,,,,,,,,,,TXN_NOT_COMPLETED,TXN_AUTO_FAILED,Payment couldn't be completed due to issues related to customer or their bank.,CUSTOMER,PRE_AUTHENTICATION
M23TCNCX7K1K7,FORWARD_TRANSACTION,ORDER_1769600085732,ORDER_1769600085732,OMO2601281704475053534581W,OMO2601281704475053534581W,ORDER_1769600085732,503978037578,300.0,2026-01-28 17:05:10,COMPLETED,300.0,,,,,,,,,,,,,,
M23TCNCX7K1K7,FORWARD_TRANSACTION,ORDER_1769598456073,ORDER_1769598456073,OMO2601281637382482323442W,OMO2601281637382482323442W,ORDER_1769598456073,639438981671,300.0,2026-01-28 16:38:00,COMPLETED,300.0,,,,,,,,,,,,,,
M23TCNCX7K1K7,FORWARD_TRANSACTION,ORDER_1769595981115,ORDER_1769595981115,OMO2601281556230614796655W,OMO2601281556230614796655W,ORDER_1769595981115,734878926546,300.0,2026-01-28 15:56:47,COMPLETED,300.0,,,,,,,,,,,,,,
M23TCNCX7K1K7,FORWARD_TRANSACTION,ORDER_1769592174816,ORDER_1769592174816,OMO2601281452567427337127W,OMO2601281452567427337127W,ORDER_1769592174816,504687394643,300.0,2026-01-28 14:53:17,COMPLETED,300.0,,,,,,,,,,,,,,
M23TCNCX7K1K7,FORWARD_TRANSACTION,ORDER_1769591089016,ORDER_1769591089016,OMO2601281434522112362386W,OMO2601281434522112362386W,ORDER_1769591089016,827455209165,300.0,2026-01-28 14:35:04,COMPLETED,300.0,,,,,,,,,,,,,,
M23TCNCX7K1K7,FORWARD_TRANSACTION,ORDER_1769589146891,ORDER_1769589146891,OMO2601281402290626451620W,OMO2601281402290626451620W,ORDER_1769589146891,353969544992,300.0,2026-01-28 14:04:45,COMPLETED,300.0,,,,,,,,,,,,,,
M23TCNCX7K1K7,FORWARD_TRANSACTION,ORDER_1769588823812,ORDER_1769588823812,OMO2601281357057385503919W,OMO2601281357057385503919W,ORDER_1769588823812,720009655267,300.0,2026-01-28 13:57:27,COMPLETED,300.0,,,,,,,,,,,,,,
M23TCNCX7K1K7,FORWARD_TRANSACTION,ORDER_1769582537885,ORDER_1769582537885,OMO2601281212197276451386W,OMO2601281212197276451386W,ORDER_1769582537885,429533700926,300.0,2026-01-28 12:12:40,COMPLETED,300.0,,,,,,,,,,,,,,
M23TCNCX7K1K7,FORWARD_TRANSACTION,ORDER_1769582113735,ORDER_1769582113735,OMO2601281205155414723120W,OMO2601281205155414723120W,ORDER_1769582113735,602847232892,300.0,2026-01-28 12:06:03,COMPLETED,300.0,,,,,,,,,,,,,,
M23TCNCX7K1K7,FORWARD_TRANSACTION,ORDER_1769582093821,ORDER_1769582093821,OMO2601281204556418079053W,OMO2601281204556418079053W,ORDER_1769582093821,503190409813,300.0,2026-01-28 12:05:15,COMPLETED,300.0,,,,,,,,,,,,,,
M23TCNCX7K1K7,FORWARD_TRANSACTION,ORDER_1769581974202,ORDER_1769581974202,OMO2601281202571495149893W,OMO2601281202571495149893W,ORDER_1769581974202,111245576785,300.0,2026-01-28 12:03:15,COMPLETED,300.0,,,,,,,,,,,,,,
M23TCNCX7K1K7,FORWARD_TRANSACTION,ORDER_1769579676064,ORDER_1769579676064,OMO2601281124380292362741W,OMO2601281124380292362741W,ORDER_1769579676064,639462851574,300.0,2026-01-28 11:24:59,COMPLETED,300.0,,,,,,,,,,,,,,
M23TCNCX7K1K7,FORWARD_TRANSACTION,ORDER_1769579201513,ORDER_1769579201513,OMO2601281116434581264217W,OMO2601281116434581264217W,ORDER_1769579201513,431836583027,300.0,2026-01-28 11:17:13,COMPLETED,300.0,,,,,,,,,,,,,,
M23TCNCX7K1K7,FORWARD_TRANSACTION,ORDER_1769578587993,ORDER_1769578587993,OMO2601281106287933649260W,OMO2601281106287933649260W,ORDER_1769578587993,118025521314,300.0,2026-01-28 11:06:51,COMPLETED,300.0,,,,,,,,,,,,,,
M23TCNCX7K1K7,FORWARD_TRANSACTION,ORDER_1769578486608,ORDER_1769578486608,OMO2601281104474912206723W,OMO2601281104474912206723W,ORDER_1769578486608,952265697919,300.0,2026-01-28 11:05:20,COMPLETED,300.0,,,,,,,,,,,,,,
M23TCNCX7K1K7,FORWARD_TRANSACTION,ORDER_1769578384499,ORDER_1769578384499,OMO2601281103063156451015W,OMO2601281103063156451015W,ORDER_1769578384499,568339706906,300.0,2026-01-28 11:03:31,COMPLETED,300.0,,,,,,,,,,,,,,
M23TCNCX7K1K7,FORWARD_TRANSACTION,ORDER_1769576502583,ORDER_1769576502583,OMO2601281031444684723514W,OMO2601281031444684723514W,ORDER_1769576502583,412729234614,300.0,2026-01-28 10:32:35,COMPLETED,300.0,,,,,,,,,,,,,,
M23TCNCX7K1K7,FORWARD_TRANSACTION,ORDER_1769576239943,ORDER_1769576239943,OMO2601281027217791264278W,OMO2601281027217791264278W,ORDER_1769576239943,748714029217,300.0,2026-01-28 10:28:46,COMPLETED,300.0,,,,,,,,,,,,,,
M23TCNCX7K1K7,FORWARD_TRANSACTION,ORDER_1769576176841,ORDER_1769576176841,OMO2601281026188074174651W,OMO2601281026188074174651W,ORDER_1769576176841,700167863903,300.0,2026-01-28 10:26:50,COMPLETED,300.0,,,,,,,,,,,,,,
M23TCNCX7K1K7,FORWARD_TRANSACTION,ORDER_1769575251271,ORDER_1769575251271,OMO2601281010532263004577W,OMO2601281010532263004577W,ORDER_1769575251271,949138790785,300.0,2026-01-28 10:11:14,COMPLETED,300.0,,,,,,,,,,,,,,
M23TCNCX7K1K7,FORWARD_TRANSACTION,ORDER_1769573820703,ORDER_1769573820703,OMO2601280947025143649209W,OMO2601280947025143649209W,ORDER_1769573820703,193306101124,300.0,2026-01-28 09:47:25,COMPLETED,300.0,,,,,,,,,,,,,,
M23TCNCX7K1K7,FORWARD_TRANSACTION,ORDER_1769573776538,ORDER_1769573776538,OMO2601280946185143649915W,OMO2601280946185143649915W,ORDER_1769573776538,159498872798,300.0,2026-01-28 09:46:57,COMPLETED,300.0,,,,,,,,,,,,,,
M23TCNCX7K1K7,FORWARD_TRANSACTION,ORDER_1769573475330,ORDER_1769573475330,OMO2601280941174835652802W,OMO2601280941174835652802W,ORDER_1769573475330,974190294081,300.0,2026-01-28 09:42:11,COMPLETED,300.0,,,,,,,,,,,,,,
M23TCNCX7K1K7,FORWARD_TRANSACTION,ORDER_1769571817123,ORDER_1769571817123,OMO2601280913389965149097W,OMO2601280913389965149097W,ORDER_1769571817123,323285842203,300.0,2026-01-28 09:13:59,COMPLETED,300.0,,,,,,,,,,,,,,
M23TCNCX7K1K7,FORWARD_TRANSACTION,ORDER_1769571765718,ORDER_1769571765718,OMO2601280912476465652400W,OMO2601280912476465652400W,ORDER_1769571765718,922680559611,300.0,2026-01-28 09:12:59,COMPLETED,300.0,,,,,,,,,,,,,,
M23TCNCX7K1K7,FORWARD_TRANSACTION,ORDER_1769571269604,ORDER_1769571269604,OMO2601280904315075671641W,OMO2601280904315075671641W,ORDER_1769571269604,347607568859,300.0,2026-01-28 09:04:53,COMPLETED,300.0,,,,,,,,,,,,,,
M23TCNCX7K1K7,FORWARD_TRANSACTION,ORDER_1769570136276,ORDER_1769570136276,OMO2601280845381846173733W,OMO2601280845381846173733W,ORDER_1769570136276,685056960628,300.0,2026-01-28 08:46:23,COMPLETED,300.0,,,,,,,,,,,,,,
M23TCNCX7K1K7,FORWARD_TRANSACTION,ORDER_1769569715575,ORDER_1769569715575,OMO2601280838379552206802W,OMO2601280838379552206802W,ORDER_1769569715575,457590048865,300.0,2026-01-28 08:38:51,ERRORED,300.0,,,,,,,,,,INSUFFICIENT_BALANCE,Z9,Payment failed due to insufficient balance in customer's account.,CUSTOMER,AUTHORIZATION
M23TCNCX7K1K7,FORWARD_TRANSACTION,ORDER_1769568747023,ORDER_1769568747023,OMO2601280822288622362367W,OMO2601280822288622362367W,ORDER_1769568747023,010645906986,300.0,2026-01-28 08:22:43,COMPLETED,300.0,,,,,,,,,,,,,,
M23TCNCX7K1K7,FORWARD_TRANSACTION,ORDER_1769563931045,ORDER_1769563931045,OMO2601280702129975287326W,OMO2601280702129975287326W,ORDER_1769563931045,865092856756,300.0,2026-01-28 07:02:41,COMPLETED,300.0,,,,,,,,,,,,,,
M23TCNCX7K1K7,FORWARD_TRANSACTION,ORDER_1769563341874,ORDER_1769563341874,OMO2601280652237055652294W,OMO2601280652237055652294W,ORDER_1769563341874,266465601844,300.0,2026-01-28 06:52:40,COMPLETED,300.0,,,,,,,,,,,,,,
M23TCNCX7K1K7,FORWARD_TRANSACTION,ORDER_1769563276500,ORDER_1769563276500,OMO2601280651184916173265W,OMO2601280651184916173265W,ORDER_1769563276500,888594672817,300.0,2026-01-28 06:51:46,COMPLETED,300.0,,,,,,,,,,,,,,
M23TCNCX7K1K7,FORWARD_TRANSACTION,ORDER_1769560921037,ORDER_1769560921037,OMO2601280612029701788788W,OMO2601280612029701788788W,ORDER_1769560921037,207812623404,300.0,2026-01-28 06:12:22,COMPLETED,300.0,,,,,,,,,,,,,,
M23TCNCX7K1K7,FORWARD_TRANSACTION,ORDER_1769538986570,ORDER_1769538986570,OMO2601280006283545287318W,OMO2601280006283545287318W,ORDER_1769538986570,781243896396,300.0,2026-01-28 00:07:05,COMPLETED,300.0,,,,,,,,,,,,,,
M23TCNCX7K1K7,FORWARD_TRANSACTION,ORDER_1769533416915,ORDER_1769533416915,OMO2601272233392123960220W,OMO2601272233392123960220W,ORDER_1769533416915,035948589202,300.0,2026-01-27 22:33:54,COMPLETED,300.0,,,,,,,,,,,,,,
M23TCNCX7K1K7,FORWARD_TRANSACTION,ORDER_1769531910992,ORDER_1769531910992,OMO2601272208328128079758W,OMO2601272208328128079758W,ORDER_1769531910992,735837085995,300.0,2026-01-27 22:08:47,COMPLETED,300.0,,,,,,,,,,,,,,
M23TCNCX7K1K7,FORWARD_TRANSACTION,ORDER_1769530153196,ORDER_1769530153196,OMO2601272139150702362327W,OMO2601272139150702362327W,ORDER_1769530153196,995210601720,300.0,2026-01-27 21:39:32,COMPLETED,300.0,,,,,,,,,,,,,,
M23TCNCX7K1K7,FORWARD_TRANSACTION,ORDER_1769524243319,ORDER_1769524243319,OMO2601272000452596451341W,OMO2601272000452596451341W,ORDER_1769524243319,045179259649,300.0,2026-01-27 20:01:32,COMPLETED,300.0,,,,,,,,,,,,,,
M23TCNCX7K1K7,FORWARD_TRANSACTION,ORDER_1769523995232,ORDER_1769523995232,OMO2601271956370152947110W,OMO2601271956370152947110W,ORDER_1769523995232,195705872633,300.0,2026-01-27 19:57:06,COMPLETED,300.0,,,,,,,,,,,,,,
M23TCNCX7K1K7,FORWARD_TRANSACTION,ORDER_1769523124370,ORDER_1769523124370,OMO2601271942066303960893W,OMO2601271942066303960893W,ORDER_1769523124370,560702268725,300.0,2026-01-27 19:42:21,COMPLETED,300.0,,,,,,,,,,,,,,
M23TCNCX7K1K7,FORWARD_TRANSACTION,ORDER_1769521015230,ORDER_1769521015230,OMO2601271906571212856067W,OMO2601271906571212856067W,ORDER_1769521015230,071097380989,300.0,2026-01-27 19:08:23,COMPLETED,300.0,,,,,,,,,,,,,,
M23TCNCX7K1K7,FORWARD_TRANSACTION,ORDER_1769520661005,ORDER_1769520661005,OMO2601271901028053722556W,OMO2601271901028053722556W,ORDER_1769520661005,706576455856,300.0,2026-01-27 19:01:19,COMPLETED,300.0,,,,,,,,,,,,,,
M23TCNCX7K1K7,FORWARD_TRANSACTION,ORDER_1769520500014,ORDER_1769520500014,OMO2601271858220358341588W,OMO2601271858220358341588W,ORDER_1769520500014,068583165967,300.0,2026-01-27 18:59:27,COMPLETED,300.0,,,,,,,,,,,,,,
M23TCNCX7K1K7,FORWARD_TRANSACTION,ORDER_1769520153724,ORDER_1769520153724,OMO2601271852356672514783W,OMO2601271852356672514783W,ORDER_1769520153724,348631851819,300.0,2026-01-27 18:52:53,COMPLETED,300.0,,,,,,,,,,,,,,
M23TCNCX7K1K7,FORWARD_TRANSACTION,ORDER_1769515959477,ORDER_1769515959477,OMO2601271742413224993610W,OMO2601271742413224993610W,ORDER_1769515959477,360251348772,300.0,2026-01-27 17:42:57,COMPLETED,300.0,,,,,,,,,,,,,,
M23TCNCX7K1K7,FORWARD_TRANSACTION,ORDER_1769515654082,ORDER_1769515654082,OMO2601271737359837337119W,OMO2601271737359837337119W,ORDER_1769515654082,081145782319,300.0,2026-01-27 17:38:01,COMPLETED,300.0,,,,,,,,,,,,,,
M23TCNCX7K1K7,FORWARD_TRANSACTION,ORDER_1769514626508,ORDER_1769514626508,OMO2601271720286292429837W,OMO2601271720286292429837W,ORDER_1769514626508,072336370329,300.0,2026-01-27 17:21:11,COMPLETED,300.0,,,,,,,,,,,,,,
M23TCNCX7K1K7,FORWARD_TRANSACTION,ORDER_1769513920885,ORDER_1769513920885,OMO2601271708428436757411W,OMO2601271708428436757411W,ORDER_1769513920885,,300.0,2026-01-27 17:08:51,ERRORED,,,,,,,,,,,TXN_NOT_COMPLETED,TXN_AUTO_FAILED,Payment couldn't be completed due to issues related to customer or their bank.,CUSTOMER,PRE_AUTHENTICATION
M23TCNCX7K1K7,FORWARD_TRANSACTION,ORDER_1769512334298,ORDER_1769512334298,OMO2601271642161851642843W,OMO2601271642161851642843W,ORDER_1769512334298,697712490710,300.0,2026-01-27 16:42:39,COMPLETED,300.0,,,,,,,,,,,,,,
M23TCNCX7K1K7,FORWARD_TRANSACTION,ORDER_1769511448176,ORDER_1769511448176,OMO2601271627299280874900W,OMO2601271627299280874900W,ORDER_1769511448176,716798084972,300.0,2026-01-27 16:27:40,COMPLETED,300.0,,,,,,,,,,,,,,
M23TCNCX7K1K7,FORWARD_TRANSACTION,ORDER_1769503202071,ORDER_1769503202071,OMO2601271410034898577357W,OMO2601271410034898577357W,ORDER_1769503202071,877194436503,300.0,2026-01-27 14:10:23,COMPLETED,300.0,,,,,,,,,,,,,,
M23TCNCX7K1K7,FORWARD_TRANSACTION,ORDER_1769501666702,ORDER_1769501666702,OMO2601271344292070766826W,OMO2601271344292070766826W,ORDER_1769501666702,626123181422,300.0,2026-01-27 13:45:09,COMPLETED,300.0,,,,,,,,,,,,,,
M23TCNCX7K1K7,FORWARD_TRANSACTION,ORDER_1769500976833,ORDER_1769500976833,OMO2601271332591504591881W,OMO2601271332591504591881W,ORDER_1769500976833,117758419057,300.0,2026-01-27 13:33:38,COMPLETED,300.0,,,,,,,,,,,,,,
M23TCNCX7K1K7,FORWARD_TRANSACTION,ORDER_1769500598699,ORDER_1769500598699,OMO2601271326404621642443W,OMO2601271326404621642443W,ORDER_1769500598699,697115724293,300.0,2026-01-27 13:27:44,COMPLETED,300.0,,,,,,,,,,,,,,
M23TCNCX7K1K7,FORWARD_TRANSACTION,ORDER_1769500530225,ORDER_1769500530225,OMO2601271325324680427735W,OMO2601271325324680427735W,ORDER_1769500530225,777770674335,300.0,2026-01-27 13:25:53,COMPLETED,300.0,,,,,,,,,,,,,,
M23TCNCX7K1K7,FORWARD_TRANSACTION,ORDER_1769500282470,ORDER_1769500282470,OMO2601271321246103128163W,OMO2601271321246103128163W,ORDER_1769500282470,544773266743,300.0,2026-01-27 13:21:54,COMPLETED,300.0,,,,,,,,,,,,,,
M23TCNCX7K1K7,FORWARD_TRANSACTION,ORDER_1769500221482,ORDER_1769500221482,OMO2601271320238290427759W,OMO2601271320238290427759W,ORDER_1769500221482,508929241797,300.0,2026-01-27 13:20:48,COMPLETED,300.0,,,,,,,,,,,,,,
M23TCNCX7K1K7,FORWARD_TRANSACTION,ORDER_1769499709281,ORDER_1769499709281,OMO2601271311502344521431W,OMO2601271311502344521431W,ORDER_1769499709281,342231685609,300.0,2026-01-27 13:12:09,COMPLETED,300.0,,,,,,,,,,,,,,
M23TCNCX7K1K7,FORWARD_TRANSACTION,ORDER_1769489558666,ORDER_1769489558666,OMO2601271022443713129444W,OMO2601271022443713129444W,ORDER_1769489558666,225579936373,300.0,2026-01-27 10:23:02,COMPLETED,300.0,,,,,,,,,,,,,,
M23TCNCX7K1K7,FORWARD_TRANSACTION,ORDER_1769488474682,ORDER_1769488474682,OMO2601271004369383935364W,OMO2601271004369383935364W,ORDER_1769488474682,,300.0,2026-01-27 10:04:49,ERRORED,,,,,,,,,,,TXN_NOT_COMPLETED,TXN_AUTO_FAILED,Payment couldn't be completed due to issues related to customer or their bank.,CUSTOMER,PRE_AUTHENTICATION
M23TCNCX7K1K7,FORWARD_TRANSACTION,ORDER_1769488102044,ORDER_1769488102044,OMO2601270958243213935332W,OMO2601270958243213935332W,ORDER_1769488102044,,300.0,2026-01-27 09:58:45,ERRORED,,,,,,,,,,,TXN_NOT_COMPLETED,TXN_AUTO_FAILED,Payment couldn't be completed due to issues related to customer or their bank.,CUSTOMER,PRE_AUTHENTICATION
M23TCNCX7K1K7,FORWARD_TRANSACTION,ORDER_1769487857782,ORDER_1769487857782,OMO2601270954196884453571W,OMO2601270954196884453571W,ORDER_1769487857782,,300.0,2026-01-27 09:54:52,ERRORED,,,,,,,,,,,TXN_NOT_COMPLETED,TXN_AUTO_FAILED,Payment couldn't be completed due to issues related to customer or their bank.,CUSTOMER,PRE_AUTHENTICATION
M23TCNCX7K1K7,FORWARD_TRANSACTION,ORDER_1769485129121,ORDER_1769485129121,OMO2601270908510309082789W,OMO2601270908510309082789W,ORDER_1769485129121,591110798961,300.0,2026-01-27 09:09:15,COMPLETED,300.0,,,,,,,,,,,,,,
M23TCNCX7K1K7,FORWARD_TRANSACTION,ORDER_1769438720306,ORDER_1769438720306,OMO2601262015221492999920W,OMO2601262015221492999920W,ORDER_1769438720306,441221587680,300.0,2026-01-26 20:15:39,COMPLETED,300.0,,,,,,,,,,,,,,
M23TCNCX7K1K7,FORWARD_TRANSACTION,ORDER_1769438543701,ORDER_1769438543701,OMO2601262012285830262765W,OMO2601262012285830262765W,ORDER_1769438543701,709903025956,300.0,2026-01-26 20:12:51,COMPLETED,300.0,,,,,,,,,,,,,,
M23TCNCX7K1K7,FORWARD_TRANSACTION,ORDER_1769426712727,ORDER_1769426712727,OMO2601261655185242999517W,OMO2601261655185242999517W,ORDER_1769426712727,304351745349,300.0,2026-01-26 16:55:28,COMPLETED,300.0,,,,,,,,,,,,,,
M23TCNCX7K1K7,FORWARD_TRANSACTION,ORDER_1769422962993,ORDER_1769422962993,OMO2601261552452739571308W,OMO2601261552452739571308W,ORDER_1769422962993,946923867558,300.0,2026-01-26 15:53:07,COMPLETED,300.0,,,,,,,,,,,,,,
M23TCNCX7K1K7,FORWARD_TRANSACTION,ORDER_1769422648304,ORDER_1769422648304,OMO2601261547341252735881W,OMO2601261547341252735881W,ORDER_1769422648304,907106782712,300.0,2026-01-26 15:48:06,ERRORED,300.0,,,,,,,,,,INVALID_MPIN,ZM,Customer entered the wrong UPI PIN.,CUSTOMER,AUTHENTICATION
M23TCNCX7K1K7,FORWARD_TRANSACTION,ORDER_1769412462155,ORDER_1769412462155,OMO2601261257480303129767W,OMO2601261257480303129767W,ORDER_1769412462155,143393016799,300.0,2026-01-26 12:58:10,COMPLETED,300.0,,,,,,,,,,,,,,
M23TCNCX7K1K7,FORWARD_TRANSACTION,ORDER_1769408110425,ORDER_1769408110425,OMO2601261145125655208109W,OMO2601261145125655208109W,ORDER_1769408110425,869744228534,300.0,2026-01-26 11:45:24,COMPLETED,300.0,,,,,,,,,,,,,,
M23TCNCX7K1K7,FORWARD_TRANSACTION,ORDER_1769404473482,ORDER_1769404473482,OMO2601261044397993781208W,OMO2601261044397993781208W,ORDER_1769404473482,007657663397,300.0,2026-01-26 10:45:57,COMPLETED,300.0,,,,,,,,,,,,,,
M23TCNCX7K1K7,FORWARD_TRANSACTION,ORDER_1769391976172,ORDER_1769391976172,OMO2601260716220253129516W,OMO2601260716220253129516W,ORDER_1769391976172,710691172564,300.0,2026-01-26 07:16:51,COMPLETED,300.0,,,,,,,,,,,,,,
M23TCNCX7K1K7,FORWARD_TRANSACTION,ORDER_1769387053187,ORDER_1769387053187,OMO2601260554193889571819W,OMO2601260554193889571819W,ORDER_1769387053187,663507119998,300.0,2026-01-26 05:54:57,COMPLETED,300.0,,,,,,,,,,,,,,
M23TCNCX7K1K7,FORWARD_TRANSACTION,ORDER_1769354770431,ORDER_1769354770431,OMO2601252056170313781736W,OMO2601252056170313781736W,ORDER_1769354770431,556065335673,300.0,2026-01-25 20:56:38,COMPLETED,300.0,,,,,,,,,,,,,,
M23TCNCX7K1K7,FORWARD_TRANSACTION,ORDER_1769347365778,ORDER_1769347365778,OMO2601251852479829571444W,OMO2601251852479829571444W,ORDER_1769347365778,955888622087,300.0,2026-01-25 18:53:08,COMPLETED,300.0,,,,,,,,,,,,,,
M23TCNCX7K1K7,FORWARD_TRANSACTION,ORDER_1769346391418,ORDER_1769346391418,OMO2601251836332575208164W,OMO2601251836332575208164W,ORDER_1769346391418,547094887555,300.0,2026-01-25 18:36:55,COMPLETED,300.0,,,,,,,,,,,,,,
M23TCNCX7K1K7,FORWARD_TRANSACTION,ORDER_1769341896099,ORDER_1769341896099,OMO2601251721420820262348W,OMO2601251721420820262348W,ORDER_1769341896099,690488951344,300.0,2026-01-25 17:22:06,COMPLETED,300.0,,,,,,,,,,,,,,
M23TCNCX7K1K7,FORWARD_TRANSACTION,ORDER_1769337427498,ORDER_1769337427498,OMO2601251607093284453368W,OMO2601251607093284453368W,ORDER_1769337427498,639123206136,300.0,2026-01-25 16:07:40,COMPLETED,300.0,,,,,,,,,,,,,,
M23TCNCX7K1K7,FORWARD_TRANSACTION,ORDER_1769331440840,ORDER_1769331440840,OMO2601251427227310262477W,OMO2601251427227310262477W,ORDER_1769331440840,161589653264,300.0,2026-01-25 14:27:54,COMPLETED,300.0,,,,,,,,,,,,,,
M23TCNCX7K1K7,FORWARD_TRANSACTION,ORDER_1769330263894,ORDER_1769330263894,OMO2601251407501589082542W,OMO2601251407501589082542W,ORDER_1769330263894,007472065402,300.0,2026-01-25 14:08:33,COMPLETED,300.0,,,,,,,,,,,,,,
M23TCNCX7K1K7,FORWARD_TRANSACTION,ORDER_1769328148827,ORDER_1769328148827,OMO2601251332350614402311W,OMO2601251332350614402311W,ORDER_1769328148827,326461544521,300.0,2026-01-25 13:32:53,COMPLETED,300.0,,,,,,,,,,,,,,
M23TCNCX7K1K7,FORWARD_TRANSACTION,ORDER_1769317532303,ORDER_1769317532303,OMO2601251035385450262296W,OMO2601251035385450262296W,ORDER_1769317532303,028817166828,300.0,2026-01-25 10:35:52,COMPLETED,300.0,,,,,,,,,,,,,,
M23TCNCX7K1K7,FORWARD_TRANSACTION,ORDER_1769315930403,ORDER_1769315930403,OMO2601251008525513781719W,OMO2601251008525513781719W,ORDER_1769315930403,198352613335,300.0,2026-01-25 10:09:26,COMPLETED,300.0,,,,,,,,,,,,,,
M23TCNCX7K1K7,FORWARD_TRANSACTION,ORDER_1769315634223,ORDER_1769315634223,OMO2601251003560905208928W,OMO2601251003560905208928W,ORDER_1769315634223,521891118183,300.0,2026-01-25 10:04:07,COMPLETED,300.0,,,,,,,,,,,,,,
M23TCNCX7K1K7,FORWARD_TRANSACTION,ORDER_1769315266709,ORDER_1769315266709,OMO2601250957490486635990W,OMO2601250957490486635990W,ORDER_1769315266709,646578085699,300.0,2026-01-25 09:59:52,COMPLETED,300.0,,,,,,,,,,,,,,
M23TCNCX7K1K7,FORWARD_TRANSACTION,ORDER_1769314670694,ORDER_1769314670694,OMO2601250947529724402376W,OMO2601250947529724402376W,ORDER_1769314670694,964654102015,300.0,2026-01-25 09:48:13,COMPLETED,300.0,,,,,,,,,,,,,,
M23TCNCX7K1K7,FORWARD_TRANSACTION,ORDER_1769314265829,ORDER_1769314265829,OMO2601250941080629650409W,OMO2601250941080629650409W,ORDER_1769314265829,417807883386,300.0,2026-01-25 09:42:10,COMPLETED,300.0,,,,,,,,,,,,,,
M23TCNCX7K1K7,FORWARD_TRANSACTION,ORDER_1769313533891,ORDER_1769313533891,OMO2601250928589784402641W,OMO2601250928589784402641W,ORDER_1769313533891,864872819316,300.0,2026-01-25 09:29:17,COMPLETED,300.0,,,,,,,,,,,,,,
M23TCNCX7K1K7,FORWARD_TRANSACTION,ORDER_1769311697890,ORDER_1769311697890,OMO2601250858202629571387W,OMO2601250858202629571387W,ORDER_1769311697890,643588200260,300.0,2026-01-25 08:58:40,COMPLETED,300.0,,,,,,,,,,,,,,
M23TCNCX7K1K7,FORWARD_TRANSACTION,ORDER_1769309623123,ORDER_1769309623123,OMO2601250823497099082637W,OMO2601250823497099082637W,ORDER_1769309623123,461928750380,300.0,2026-01-25 08:24:03,COMPLETED,300.0,,,,,,,,,,,,,,
M23TCNCX7K1K7,FORWARD_TRANSACTION,ORDER_1769305027706,ORDER_1769305027706,OMO2601250707142222999936W,OMO2601250707142222999936W,ORDER_1769305027706,372676406205,300.0,2026-01-25 07:07:43,COMPLETED,300.0,,,,,,,,,,,,,,
M23TCNCX7K1K7,FORWARD_TRANSACTION,ORDER_1769304046403,ORDER_1769304046403,OMO2601250650529173319974W,OMO2601250650529173319974W,ORDER_1769304046403,127139753217,300.0,2026-01-25 06:52:07,COMPLETED,300.0,,,,,,,,,,,,,,
M23TCNCX7K1K7,FORWARD_TRANSACTION,ORDER_1769273142249,ORDER_1769273142249,OMO2601242215488644402097W,OMO2601242215488644402097W,ORDER_1769273142249,866411299318,300.0,2026-01-24 22:16:39,COMPLETED,300.0,,,,,,,,,,,,,,
M23TCNCX7K1K7,FORWARD_TRANSACTION,ORDER_1769271401570,ORDER_1769271401570,OMO2601242146438956776217W,OMO2601242146438956776217W,ORDER_1769271401570,236152814804,300.0,2026-01-24 21:47:41,COMPLETED,300.0,,,,,,,,,,,,,,
M23TCNCX7K1K7,FORWARD_TRANSACTION,ORDER_1769267882073,ORDER_1769267882073,OMO2601242048043915008447W,OMO2601242048043915008447W,ORDER_1769267882073,330440490693,300.0,2026-01-24 20:48:46,COMPLETED,300.0,,,,,,,,,,,,,,
M23TCNCX7K1K7,FORWARD_TRANSACTION,ORDER_1769267622483,ORDER_1769267622483,OMO2601242043448732782306W,OMO2601242043448732782306W,ORDER_1769267622483,883606168740,300.0,2026-01-24 20:44:56,COMPLETED,300.0,,,,,,,,,,,,,,
M23TCNCX7K1K7,FORWARD_TRANSACTION,ORDER_1769265133086,ORDER_1769265133086,OMO2601242002149025008301W,OMO2601242002149025008301W,ORDER_1769265133086,154080620718,300.0,2026-01-24 20:02:28,COMPLETED,300.0,,,,,,,,,,,,,,
M23TCNCX7K1K7,FORWARD_TRANSACTION,ORDER_1769263523662,ORDER_1769263523662,OMO2601241935260865208421W,OMO2601241935260865208421W,ORDER_1769263523662,643289031504,300.0,2026-01-24 19:36:16,ERRORED,300.0,,,,,,,,,,INVALID_MPIN,ZM,Customer entered the wrong UPI PIN.,CUSTOMER,AUTHENTICATION
M23TCNCX7K1K7,FORWARD_TRANSACTION,ORDER_1769257697968,ORDER_1769257697968,OMO2601241758250722735398W,OMO2601241758250722735398W,ORDER_1769257697968,327776368972,300.0,2026-01-24 17:58:41,COMPLETED,300.0,,,,,,,,,,,,,,
M23TCNCX7K1K7,FORWARD_TRANSACTION,ORDER_1769251687156,ORDER_1769251687156,OMO2601241618138463319444W,OMO2601241618138463319444W,ORDER_1769251687156,907492437268,300.0,2026-01-24 16:18:38,COMPLETED,300.0,,,,,,,,,,,,,,
M23TCNCX7K1K7,FORWARD_TRANSACTION,ORDER_1769244505215,ORDER_1769244505215,OMO2601241418322352735753W,OMO2601241418322352735753W,ORDER_1769244505215,952624760765,300.0,2026-01-24 14:19:03,COMPLETED,300.0,,,,,,,,,,,,,,
M23TCNCX7K1K7,FORWARD_TRANSACTION,ORDER_1769232574664,ORDER_1769232574664,OMO2601241059424670262676W,OMO2601241059424670262676W,ORDER_1769232574664,602403164906,300.0,2026-01-24 11:00:55,COMPLETED,300.0,,,,,,,,,,,,,,
M23TCNCX7K1K7,FORWARD_TRANSACTION,ORDER_1769193240743,ORDER_1769193240743,OMO2601240004082260262360W,OMO2601240004082260262360W,ORDER_1769193240743,133623619162,300.0,2026-01-24 00:04:46,COMPLETED,300.0,,,,,,,,,,,,,,
M23TCNCX7K1K7,FORWARD_TRANSACTION,ORDER_1769185038889,ORDER_1769185038889,OMO2601232147264873781955W,OMO2601232147264873781955W,ORDER_1769185038889,502371554284,300.0,2026-01-23 21:48:03,COMPLETED,300.0,,,,,,,,,,,,,,
M23TCNCX7K1K7,FORWARD_TRANSACTION,ORDER_1769183656057,ORDER_1769183656057,OMO2601232124233459650618W,OMO2601232124233459650618W,ORDER_1769183656057,128859518833,300.0,2026-01-23 21:26:32,COMPLETED,300.0,,,,,,,,,,,,,,
M23TCNCX7K1K7,FORWARD_TRANSACTION,ORDER_1769179303578,ORDER_1769179303578,OMO2601232011454012735603W,OMO2601232011454012735603W,ORDER_1769179303578,453105555110,300.0,2026-01-23 20:12:32,COMPLETED,300.0,,,,,,,,,,,,,,
M23TCNCX7K1K7,FORWARD_TRANSACTION,ORDER_1769179120610,ORDER_1769179120610,OMO2601232008429452735361W,OMO2601232008429452735361W,ORDER_1769179120610,234484009812,300.0,2026-01-23 20:09:09,COMPLETED,300.0,,,,,,,,,,,,,,
M23TCNCX7K1K7,FORWARD_TRANSACTION,ORDER_1769176726564,ORDER_1769176726564,OMO2601231928488133935683W,OMO2601231928488133935683W,ORDER_1769176726564,004827140861,300.0,2026-01-23 19:29:12,COMPLETED,300.0,,,,,,,,,,,,,,
M23TCNCX7K1K7,FORWARD_TRANSACTION,ORDER_1769176313963,ORDER_1769176313963,OMO2601231922011913935758W,OMO2601231922011913935758W,ORDER_1769176313963,769763733576,300.0,2026-01-23 19:22:19,COMPLETED,300.0,,,,,,,,,,,,,,
M23TCNCX7K1K7,FORWARD_TRANSACTION,ORDER_1769175121568,ORDER_1769175121568,OMO2601231902074809571142W,OMO2601231902074809571142W,ORDER_1769175121568,602370659236,300.0,2026-01-23 19:02:38,COMPLETED,300.0,,,,,,,,,,,,,,
M23TCNCX7K1K7,FORWARD_TRANSACTION,ORDER_1769172243064,ORDER_1769172243064,OMO2601231814053509571764W,OMO2601231814053509571764W,ORDER_1769172243064,250807174285,300.0,2026-01-23 18:14:22,COMPLETED,300.0,,,,,,,,,,,,,,
M23TCNCX7K1K7,FORWARD_TRANSACTION,ORDER_1769171803780,ORDER_1769171803780,OMO2601231806516785208839W,OMO2601231806516785208839W,ORDER_1769171803780,488601854350,300.0,2026-01-23 18:07:25,COMPLETED,300.0,,,,,,,,,,,,,,
M23TCNCX7K1K7,FORWARD_TRANSACTION,ORDER_1769167899744,ORDER_1769167899744,OMO2601231701464615606717W,OMO2601231701464615606717W,ORDER_1769167899744,920661076199,300.0,2026-01-23 17:02:39,COMPLETED,300.0,,,,,,,,,,,,,,
M23TCNCX7K1K7,FORWARD_TRANSACTION,ORDER_1769153891800,ORDER_1769153891800,OMO2601231308142224453061W,OMO2601231308142224453061W,ORDER_1769153891800,094791108557,300.0,2026-01-23 13:08:23,COMPLETED,300.0,,,,,,,,,,,,,,
M23TCNCX7K1K7,FORWARD_TRANSACTION,ORDER_1769153322777,ORDER_1769153322777,OMO2601231258480859571978W,OMO2601231258480859571978W,ORDER_1769153322777,790164304806,300.0,2026-01-23 12:59:00,COMPLETED,300.0,,,,,,,,,,,,,,
M23TCNCX7K1K7,FORWARD_TRANSACTION,ORDER_1769141016516,ORDER_1769141016516,OMO2601230933433870262060W,OMO2601230933433870262060W,ORDER_1769141016516,204308699459,300.0,2026-01-23 09:33:59,COMPLETED,300.0,,,,,,,,,,,,,,
M23TCNCX7K1K7,FORWARD_TRANSACTION,ORDER_1769139072964,ORDER_1769139072964,OMO2601230901143346635413W,OMO2601230901143346635413W,ORDER_1769139072964,638948102453,300.0,2026-01-23 09:01:37,COMPLETED,300.0,,,,,,,,,,,,,,
M23TCNCX7K1K7,FORWARD_TRANSACTION,ORDER_1769138646129,ORDER_1769138646129,OMO2601230854131643794516W,OMO2601230854131643794516W,ORDER_1769138646129,414430228956,300.0,2026-01-23 08:54:27,COMPLETED,300.0,,,,,,,,,,,,,,
M23TCNCX7K1K7,FORWARD_TRANSACTION,ORDER_1769130468966,ORDER_1769130468966,OMO2601230637563804453445W,OMO2601230637563804453445W,ORDER_1769130468966,243860506483,300.0,2026-01-23 06:38:19,COMPLETED,300.0,,,,,,,,,,,,,,
M23TCNCX7K1K7,FORWARD_TRANSACTION,ORDER_1769101543206,ORDER_1769101543206,OMO2601222235454156635931W,OMO2601222235454156635931W,ORDER_1769101543206,735346014504,300.0,2026-01-22 22:36:10,COMPLETED,300.0,,,,,,,,,,,,,,
M23TCNCX7K1K7,FORWARD_TRANSACTION,ORDER_1769100652927,ORDER_1769100652927,OMO2601222220591592735496W,OMO2601222220591592735496W,ORDER_1769100652927,690711794150,300.0,2026-01-22 22:21:32,ERRORED,300.0,,,,,,,,,,INSUFFICIENT_BALANCE,Z9,Payment failed due to insufficient balance in customer's account.,CUSTOMER,AUTHORIZATION
M23TCNCX7K1K7,FORWARD_TRANSACTION,ORDER_1769099476608,ORDER_1769099476608,OMO2601222201189713935169W,OMO2601222201189713935169W,ORDER_1769099476608,599370848513,300.0,2026-01-22 22:01:55,COMPLETED,300.0,,,,,,,,,,,,,,
M23TCNCX7K1K7,FORWARD_TRANSACTION,ORDER_1769098431001,ORDER_1769098431001,OMO2601222143531575008291W,OMO2601222143531575008291W,ORDER_1769098431001,517295749060,300.0,2026-01-22 21:44:36,COMPLETED,300.0,,,,,,,,,,,,,,
M23TCNCX7K1K7,FORWARD_TRANSACTION,ORDER_1769098227370,ORDER_1769098227370,OMO2601222140292103129556W,OMO2601222140292103129556W,ORDER_1769098227370,637626185516,300.0,2026-01-22 21:41:29,COMPLETED,300.0,,,,,,,,,,,,,,
M23TCNCX7K1K7,FORWARD_TRANSACTION,ORDER_1769097997749,ORDER_1769097997749,OMO2601222136395659571958W,OMO2601222136395659571958W,ORDER_1769097997749,574812613807,300.0,2026-01-22 21:37:21,COMPLETED,300.0,,,,,,,,,,,,,,
M23TCNCX7K1K7,FORWARD_TRANSACTION,ORDER_1769085472106,ORDER_1769085472106,OMO2601221807574332735914W,OMO2601221807574332735914W,ORDER_1769085472106,526955999729,300.0,2026-01-22 18:08:13,COMPLETED,300.0,,,,,,,,,,,,,,
M23TCNCX7K1K7,FORWARD_TRANSACTION,ORDER_1769083785520,ORDER_1769083785520,OMO2601221739478836576399W,OMO2601221739478836576399W,ORDER_1769083785520,371587780959,300.0,2026-01-22 17:40:03,COMPLETED,300.0,,,,,,,,,,,,,,
M23TCNCX7K1K7,FORWARD_TRANSACTION,ORDER_1769083295648,ORDER_1769083295648,OMO2601221731419568249959W,OMO2601221731419568249959W,ORDER_1769083295648,697881337706,300.0,2026-01-22 17:32:12,COMPLETED,300.0,,,,,,,,,,,,,,
M23TCNCX7K1K7,FORWARD_TRANSACTION,ORDER_1769080694763,ORDER_1769080694763,OMO2601221648216574020140W,OMO2601221648216574020140W,ORDER_1769080694763,971626219242,300.0,2026-01-22 16:48:44,COMPLETED,300.0,,,,,,,,,,,,,,
M23TCNCX7K1K7,FORWARD_TRANSACTION,ORDER_1769074990137,ORDER_1769074990137,OMO2601221513166252106492W,OMO2601221513166252106492W,ORDER_1769074990137,602299067601,300.0,2026-01-22 15:16:09,COMPLETED,300.0,,,,,,,,,,,,,,
M23TCNCX7K1K7,FORWARD_TRANSACTION,ORDER_1769072897539,ORDER_1769072897539,OMO2601221438243218962392W,OMO2601221438243218962392W,ORDER_1769072897539,564272498975,300.0,2026-01-22 14:38:40,COMPLETED,300.0,,,,,,,,,,,,,,
M23TCNCX7K1K7,FORWARD_TRANSACTION,ORDER_1769069346661,ORDER_1769069346661,OMO2601221339135813288624W,OMO2601221339135813288624W,ORDER_1769069346661,133934116592,300.0,2026-01-22 13:39:34,COMPLETED,300.0,,,,,,,,,,,,,,
M23TCNCX7K1K7,FORWARD_TRANSACTION,ORDER_1769065103204,ORDER_1769065103204,OMO2601221228254153562736W,OMO2601221228254153562736W,ORDER_1769065103204,338927333501,300.0,2026-01-22 12:29:36,COMPLETED,300.0,,,,,,,,,,,,,,
M23TCNCX7K1K7,FORWARD_TRANSACTION,ORDER_1769062136946,ORDER_1769062136946,OMO2601221138591069540919W,OMO2601221138591069540919W,ORDER_1769062136946,094886001410,300.0,2026-01-22 11:40:16,COMPLETED,300.0,,,,,,,,,,,,,,
M23TCNCX7K1K7,FORWARD_TRANSACTION,ORDER_1769062154673,ORDER_1769062154673,OMO2601221139164985623394W,OMO2601221139164985623394W,ORDER_1769062154673,822625847457,300.0,2026-01-22 11:39:30,COMPLETED,300.0,,,,,,,,,,,,,,
M23TCNCX7K1K7,FORWARD_TRANSACTION,ORDER_1769061895439,ORDER_1769061895439,OMO2601221134573223288133W,OMO2601221134573223288133W,ORDER_1769061895439,311772859822,300.0,2026-01-22 11:35:12,COMPLETED,300.0,,,,,,,,,,,,,,
M23TCNCX7K1K7,FORWARD_TRANSACTION,ORDER_1769061748209,ORDER_1769061748209,OMO2601221132300846086733W,OMO2601221132300846086733W,ORDER_1769061748209,992219372184,300.0,2026-01-22 11:32:45,COMPLETED,300.0,,,,,,,,,,,,,,
M23TCNCX7K1K7,FORWARD_TRANSACTION,ORDER_1769061581364,ORDER_1769061581364,OMO2601221129474532286612W,OMO2601221129474532286612W,ORDER_1769061581364,873370636331,300.0,2026-01-22 11:30:14,COMPLETED,300.0,,,,,,,,,,,,,,
M23TCNCX7K1K7,FORWARD_TRANSACTION,ORDER_1769006778298,ORDER_1769006778298,OMO2601212016249262286691W,OMO2601212016249262286691W,ORDER_1769006778298,340808850488,300.0,2026-01-21 20:16:39,COMPLETED,300.0,,,,,,,,,,,,,,
M23TCNCX7K1K7,FORWARD_TRANSACTION,ORDER_1769005644839,ORDER_1769005644839,OMO2601211957307716086511W,OMO2601211957307716086511W,ORDER_1769005644839,146209550523,300.0,2026-01-21 19:59:29,COMPLETED,300.0,,,,,,,,,,,,,,
M23TCNCX7K1K7,FORWARD_TRANSACTION,ORDER_1769004396531,ORDER_1769004396531,OMO2601211936433631297803W,OMO2601211936433631297803W,ORDER_1769004396531,753291999523,300.0,2026-01-21 19:37:09,COMPLETED,300.0,,,,,,,,,,,,,,
M23TCNCX7K1K7,FORWARD_TRANSACTION,ORDER_1769000875800,ORDER_1769000875800,OMO2601211838024932419697W,OMO2601211838024932419697W,ORDER_1769000875800,594638870838,300.0,2026-01-21 18:38:49,COMPLETED,300.0,,,,,,,,,,,,,,
M23TCNCX7K1K7,FORWARD_TRANSACTION,ORDER_1768989201392,ORDER_1768989201392,OMO2601211523282942419117W,OMO2601211523282942419117W,ORDER_1768989201392,602154300876,300.0,2026-01-21 15:23:47,COMPLETED,300.0,,,,,,,,,,,,,,
M23TCNCX7K1K7,FORWARD_TRANSACTION,ORDER_1768981700790,ORDER_1768981700790,OMO2601211318271418103346W,OMO2601211318271418103346W,ORDER_1768981700790,755044152006,300.0,2026-01-21 13:18:47,COMPLETED,300.0,,,,,,,,,,,,,,
M23TCNCX7K1K7,FORWARD_TRANSACTION,ORDER_1768969685813,ORDER_1768969685813,OMO2601210958132331902153W,OMO2601210958132331902153W,ORDER_1768969685813,512520308744,300.0,2026-01-21 09:58:37,COMPLETED,300.0,,,,,,,,,,,,,,
M23TCNCX7K1K7,FORWARD_TRANSACTION,ORDER_1768965029288,ORDER_1768965029288,OMO2601210840355118809291W,OMO2601210840355118809291W,ORDER_1768965029288,352077524476,300.0,2026-01-21 08:40:56,COMPLETED,300.0,,,,,,,,,,,,,,
M23TCNCX7K1K7,FORWARD_TRANSACTION,ORDER_1768963197752,ORDER_1768963197752,OMO2601210810046852262424W,OMO2601210810046852262424W,ORDER_1768963197752,600078716004,300.0,2026-01-21 08:13:15,COMPLETED,300.0,,,,,,,,,,,,,,
M23TCNCX7K1K7,FORWARD_TRANSACTION,ORDER_1768923043614,ORDER_1768923043614,OMO2601202100507261902947W,OMO2601202100507261902947W,ORDER_1768923043614,752334144880,300.0,2026-01-20 21:01:51,COMPLETED,300.0,,,,,,,,,,,,,,
M23TCNCX7K1K7,FORWARD_TRANSACTION,ORDER_1768911764172,ORDER_1768911764172,OMO2601201752509411128215W,OMO2601201752509411128215W,ORDER_1768911764172,417925821573,300.0,2026-01-20 17:53:26,COMPLETED,300.0,,,,,,,,,,,,,,
M23TCNCX7K1K7,FORWARD_TRANSACTION,ORDER_1768898827965,ORDER_1768898827965,OMO2601201417101554515640W,OMO2601201417101554515640W,ORDER_1768898827965,871562726654,300.0,2026-01-20 14:17:24,COMPLETED,300.0,,,,,,,,,,,,,,
M23TCNCX7K1K7,FORWARD_TRANSACTION,ORDER_1768896364241,ORDER_1768896364241,OMO2601201336106060366498W,OMO2601201336106060366498W,ORDER_1768896364241,602058045774,300.0,2026-01-20 13:36:31,COMPLETED,300.0,,,,,,,,,,,,,,
M23TCNCX7K1K7,FORWARD_TRANSACTION,ORDER_1768889904010,ORDER_1768889904010,OMO2601201148293374235682W,OMO2601201148293374235682W,ORDER_1768889904010,502266216500,300.0,2026-01-20 11:48:59,COMPLETED,300.0,,,,,,,,,,,,,,
M23TCNCX7K1K7,FORWARD_TRANSACTION,ORDER_1768888927429,ORDER_1768888927429,OMO2601201132093014556152W,OMO2601201132093014556152W,ORDER_1768888927429,117451884274,300.0,2026-01-20 11:32:25,COMPLETED,300.0,,,,,,,,,,,,,,
M23TCNCX7K1K7,FORWARD_TRANSACTION,ORDER_1768888713185,ORDER_1768888713185,OMO2601201128368991506927W,OMO2601201128368991506927W,ORDER_1768888713185,106743148872,300.0,2026-01-20 11:28:59,COMPLETED,300.0,,,,,,,,,,,,,,
M23TCNCX7K1K7,FORWARD_TRANSACTION,ORDER_1768888227336,ORDER_1768888227336,OMO2601201120332604246342W,OMO2601201120332604246342W,ORDER_1768888227336,663300635275,300.0,2026-01-20 11:20:51,COMPLETED,300.0,,,,,,,,,,,,,,
M23TCNCX7K1K7,FORWARD_TRANSACTION,ORDER_1768831410774,ORDER_1768831410774,OMO2601191933385332328999W,OMO2601191933385332328999W,ORDER_1768831410774,139836192808,300.0,2026-01-19 19:33:54,COMPLETED,300.0,,,,,,,,,,,,,,
M23TCNCX7K1K7,FORWARD_TRANSACTION,ORDER_1767971096299,ORDER_1767971096299,OMO2601092035043173076259W,OMO2601092035043173076259W,ORDER_1767971096299,842594137309,300.0,2026-01-09 20:35:19,COMPLETED,300.0,,,,,,,,,,,,,,
M23TCNCX7K1K7,FORWARD_TRANSACTION,ORDER_1767596938598,ORDER_1767596938598,OMO2601051239005425731557W,OMO2601051239005425731557W,ORDER_1767596938598,457517373234,300.0,2026-01-05 12:39:39,COMPLETED,300.0,,,,,,,,,,,,,,
M23TCNCX7K1K7,FORWARD_TRANSACTION,ORDER_1767596738311,ORDER_1767596738311,OMO2601051235402127119591W,OMO2601051235402127119591W,ORDER_1767596738311,259201521793,300.0,2026-01-05 12:36:06,COMPLETED,300.0,,,,,,,,,,,,,,
M23TCNCX7K1K7,FORWARD_TRANSACTION,ORDER_1767529382975,ORDER_1767529382975,OMO2601041753098473424140W,OMO2601041753098473424140W,ORDER_1767529382975,637062566112,300.0,2026-01-04 17:53:49,COMPLETED,300.0,,,,,,,,,,,,,,
M23TCNCX7K1K7,FORWARD_TRANSACTION,ORDER_1767492702717,ORDER_1767492702717,OMO2601040741494622905092W,OMO2601040741494622905092W,ORDER_1767492702717,959349353523,300.0,2026-01-04 07:42:07,COMPLETED,300.0,,,,,,,,,,,,,,
M23TCNCX7K1K7,FORWARD_TRANSACTION,ORDER_1767212333039,ORDER_1767212333039,OMO2601010149001799633751W,OMO2601010149001799633751W,ORDER_1767212333039,394709991935,300.0,2026-01-01 01:49:13,COMPLETED,300.0,,,,,,,,,,,,,,
M23TCNCX7K1K7,FORWARD_TRANSACTION,ORDER_1767197846067,ORDER_1767197846067,OMO2512312147342477257520W,OMO2512312147342477257520W,ORDER_1767197846067,876195400150,300.0,2025-12-31 21:48:00,COMPLETED,300.0,,,,,,,,,,,,,,
M23TCNCX7K1K7,FORWARD_TRANSACTION,ORDER_1767170031995,ORDER_1767170031995,OMO2512311403591808159319W,OMO2512311403591808159319W,ORDER_1767170031995,266121575861,300.0,2025-12-31 14:04:31,COMPLETED,300.0,,,,,,,,,,,,,,
M23TCNCX7K1K7,FORWARD_TRANSACTION,ORDER_1767093960021,ORDER_1767093960021,OMO2512301656010385416402W,OMO2512301656010385416402W,ORDER_1767093960021,451363389355,300.0,2025-12-30 16:56:15,COMPLETED,300.0,,,,,,,,,,,,,,
M23TCNCX7K1K7,FORWARD_TRANSACTION,ORDER_1767093832472,ORDER_1767093832472,OMO2512301653533529563097W,OMO2512301653533529563097W,ORDER_1767093832472,462851734975,300.0,2025-12-30 16:54:22,COMPLETED,300.0,,,,,,,,,,,,,,
